market_side,timestamp_utc,yes_bid_cents,yes_ask_cents,quoted_mid_cents,spread_cents,raw_last_trade_cents,volume,open_interest,is_liquid,tight_quote,filtered_price_cents,price_source
SAM,2026-08-18T16:00:00+00:00,5.0,95.0,50.0,90.0,,0.0,0.0,False,False,50.0,quoted_mid_wide
SAM,2026-08-18T17:00:00+00:00,7.0,93.0,50.0,86.0,,0.0,0.0,False,False,50.0,quoted_mid_wide
SAM,2026-08-18T22:00:00+00:00,7.0,90.0,48.5,83.0,,0.0,0.0,False,False,48.5,quoted_mid_wide
SAM,2026-08-19T00:00:00+00:00,7.0,90.0,48.5,83.0,,0.0,0.0,False,False,48.5,quoted_mid_wide
SAM,2026-08-19T02:00:00+00:00,7.0,90.0,48.5,83.0,,0.0,0.0,False,False,48.5,quoted_mid_wide
SAM,2026-08-19T18:00:00+00:00,7.0,30.0,18.5,23.0,,0.0,0.0,False,False,18.5,quoted_mid_wide
SAM,2026-08-21T03:00:00+00:00,8.0,29.0,18.5,21.0,,0.0,0.0,False,False,18.5,quoted_mid_wide
SAM,2026-08-21T04:00:00+00:00,8.0,29.0,18.5,21.0,,0.0,0.0,False,False,18.5,quoted_mid_wide
SAM,2026-08-21T05:00:00+00:00,8.0,29.0,18.5,21.0,,0.0,0.0,False,False,18.5,quoted_mid_wide
SAM,2026-08-21T06:00:00+00:00,8.0,29.0,18.5,21.0,,0.0,0.0,False,False,18.5,quoted_mid_wide
SAM,2026-08-21T07:00:00+00:00,8.0,29.0,18.5,21.0,,0.0,0.0,False,False,18.5,quoted_mid_wide
SAM,2026-08-21T08:00:00+00:00,8.0,29.0,18.5,21.0,,0.0,0.0,False,False,18.5,quoted_mid_wide
SAM,2026-08-21T09:00:00+00:00,8.0,29.0,18.5,21.0,,0.0,0.0,False,False,18.5,quoted_mid_wide
SAM,2026-08-21T10:00:00+00:00,8.0,29.0,18.5,21.0,,0.0,0.0,False,False,18.5,quoted_mid_wide
SAM,2026-08-21T11:00:00+00:00,8.0,29.0,18.5,21.0,,0.0,0.0,False,False,18.5,quoted_mid_wide
SAM,2026-08-21T12:00:00+00:00,8.0,29.0,18.5,21.0,,0.0,0.0,False,False,18.5,quoted_mid_wide
SAM,2026-08-21T13:00:00+00:00,8.0,29.0,18.5,21.0,,0.0,0.0,False,False,18.5,quoted_mid_wide
SAM,2026-08-21T14:00:00+00:00,8.0,29.0,18.5,21.0,,0.0,0.0,False,False,18.5,quoted_mid_wide
SAM,2026-08-21T15:00:00+00:00,8.0,29.0,18.5,21.0,,0.0,0.0,False,False,18.5,quoted_mid_wide
SAM,2026-08-21T16:00:00+00:00,8.0,29.0,18.5,21.0,,0.0,0.0,False,False,18.5,quoted_mid_wide
SAM,2026-08-21T17:00:00+00:00,8.0,29.0,18.5,21.0,,0.0,0.0,False,False,18.5,quoted_mid_wide
SAM,2026-08-21T18:00:00+00:00,8.0,29.0,18.5,21.0,,0.0,0.0,False,False,18.5,quoted_mid_wide
SAM,2026-08-21T19:00:00+00:00,8.0,29.0,18.5,21.0,,0.0,0.0,False,False,18.5,quoted_mid_wide
SAM,2026-08-21T20:00:00+00:00,8.0,29.0,18.5,21.0,,0.0,0.0,False,False,18.5,quoted_mid_wide
SAM,2026-08-21T21:00:00+00:00,8.0,29.0,18.5,21.0,,0.0,0.0,False,False,18.5,quoted_mid_wide
SAM,2026-08-21T22:00:00+00:00,8.0,29.0,18.5,21.0,,0.0,0.0,False,False,18.5,quoted_mid_wide
SAM,2026-08-21T23:00:00+00:00,8.0,29.0,18.5,21.0,,0.0,0.0,False,False,18.5,quoted_mid_wide
SAM,2026-08-22T00:00:00+00:00,8.0,29.0,18.5,21.0,,0.0,0.0,False,False,18.5,quoted_mid_wide
SAM,2026-08-22T01:00:00+00:00,8.0,29.0,18.5,21.0,,0.0,0.0,False,False,18.5,quoted_mid_wide
SAM,2026-08-22T02:00:00+00:00,8.0,29.0,18.5,21.0,,0.0,0.0,False,False,18.5,quoted_mid_wide
SAM,2026-08-22T03:00:00+00:00,8.0,29.0,18.5,21.0,,0.0,0.0,False,False,18.5,quoted_mid_wide
SAM,2026-08-22T04:00:00+00:00,8.0,29.0,18.5,21.0,,0.0,0.0,False,False,18.5,quoted_mid_wide
SAM,2026-08-22T05:00:00+00:00,8.0,29.0,18.5,21.0,,0.0,0.0,False,False,18.5,quoted_mid_wide
SAM,2026-08-22T06:00:00+00:00,8.0,29.0,18.5,21.0,,0.0,0.0,False,False,18.5,quoted_mid_wide
SAM,2026-08-22T07:00:00+00:00,8.0,29.0,18.5,21.0,,0.0,0.0,False,False,18.5,quoted_mid_wide
SAM,2026-08-22T08:00:00+00:00,8.0,29.0,18.5,21.0,,0.0,0.0,False,False,18.5,quoted_mid_wide
SAM,2026-08-22T09:00:00+00:00,8.0,29.0,18.5,21.0,,0.0,0.0,False,False,18.5,quoted_mid_wide
SAM,2026-08-22T10:00:00+00:00,8.0,29.0,18.5,21.0,,0.0,0.0,False,False,18.5,quoted_mid_wide
SAM,2026-08-22T11:00:00+00:00,8.0,29.0,18.5,21.0,,0.0,0.0,False,False,18.5,quoted_mid_wide
SAM,2026-08-22T12:00:00+00:00,8.0,29.0,18.5,21.0,,0.0,0.0,False,False,18.5,quoted_mid_wide
SAM,2026-08-22T13:00:00+00:00,8.0,29.0,18.5,21.0,,0.0,0.0,False,False,18.5,quoted_mid_wide
SAM,2026-08-22T14:00:00+00:00,8.0,29.0,18.5,21.0,,0.0,0.0,False,False,18.5,quoted_mid_wide
SAM,2026-08-22T15:00:00+00:00,8.0,29.0,18.5,21.0,,0.0,0.0,False,False,18.5,quoted_mid_wide
SAM,2026-08-22T16:00:00+00:00,8.0,29.0,18.5,21.0,,0.0,0.0,False,False,18.5,quoted_mid_wide
SAM,2026-08-22T17:00:00+00:00,8.0,29.0,18.5,21.0,,0.0,0.0,False,False,18.5,quoted_mid_wide
SAM,2026-08-22T18:00:00+00:00,8.0,29.0,18.5,21.0,,0.0,0.0,False,False,18.5,quoted_mid_wide
SAM,2026-08-22T19:00:00+00:00,8.0,29.0,18.5,21.0,,0.0,0.0,False,False,18.5,quoted_mid_wide
SAM,2026-08-22T20:00:00+00:00,8.0,29.0,18.5,21.0,,0.0,0.0,False,False,18.5,quoted_mid_wide
SAM,2026-08-22T21:00:00+00:00,8.0,29.0,18.5,21.0,,0.0,0.0,False,False,18.5,quoted_mid_wide
SAM,2026-08-22T22:00:00+00:00,8.0,29.0,18.5,21.0,,0.0,0.0,False,False,18.5,quoted_mid_wide
SAM,2026-08-22T23:00:00+00:00,8.0,29.0,18.5,21.0,,0.0,0.0,False,False,18.5,quoted_mid_wide
SAM,2026-08-23T00:00:00+00:00,8.0,29.0,18.5,21.0,,0.0,0.0,False,False,18.5,quoted_mid_wide
SAM,2026-08-23T01:00:00+00:00,8.0,29.0,18.5,21.0,,0.0,0.0,False,False,18.5,quoted_mid_wide
SAM,2026-08-23T02:00:00+00:00,8.0,29.0,18.5,21.0,,0.0,0.0,False,False,18.5,quoted_mid_wide
SAM,2026-08-23T03:00:00+00:00,8.0,29.0,18.5,21.0,,0.0,0.0,False,False,18.5,quoted_mid_wide
SAM,2026-08-23T04:00:00+00:00,8.0,29.0,18.5,21.0,,0.0,0.0,False,False,18.5,quoted_mid_wide
SAM,2026-08-23T05:00:00+00:00,8.0,29.0,18.5,21.0,,0.0,0.0,False,False,18.5,quoted_mid_wide
SAM,2026-08-23T06:00:00+00:00,8.0,29.0,18.5,21.0,,0.0,0.0,False,False,18.5,quoted_mid_wide
SAM,2026-08-23T07:00:00+00:00,8.0,29.0,18.5,21.0,,0.0,0.0,False,False,18.5,quoted_mid_wide
SAM,2026-08-23T08:00:00+00:00,8.0,29.0,18.5,21.0,,0.0,0.0,False,False,18.5,quoted_mid_wide
SAM,2026-08-23T09:00:00+00:00,8.0,29.0,18.5,21.0,,0.0,0.0,False,False,18.5,quoted_mid_wide
SAM,2026-08-23T10:00:00+00:00,8.0,29.0,18.5,21.0,,0.0,0.0,False,False,18.5,quoted_mid_wide
SAM,2026-08-23T11:00:00+00:00,8.0,29.0,18.5,21.0,,0.0,0.0,False,False,18.5,quoted_mid_wide
SAM,2026-08-23T12:00:00+00:00,8.0,29.0,18.5,21.0,,0.0,0.0,False,False,18.5,quoted_mid_wide
SAM,2026-08-23T13:00:00+00:00,8.0,29.0,18.5,21.0,,0.0,0.0,False,False,18.5,quoted_mid_wide
SAM,2026-08-23T14:00:00+00:00,8.0,29.0,18.5,21.0,,0.0,0.0,False,False,18.5,quoted_mid_wide
SAM,2026-08-23T15:00:00+00:00,7.0,30.0,18.5,23.0,,0.0,0.0,False,False,18.5,quoted_mid_wide
SAM,2026-08-23T16:00:00+00:00,8.0,29.0,18.5,21.0,,0.0,0.0,False,False,18.5,quoted_mid_wide
SAM,2026-08-23T17:00:00+00:00,8.0,29.0,18.5,21.0,,0.0,0.0,False,False,18.5,quoted_mid_wide
SAM,2026-08-23T18:00:00+00:00,8.0,29.0,18.5,21.0,,0.0,0.0,False,False,18.5,quoted_mid_wide
SAM,2026-08-23T19:00:00+00:00,8.0,29.0,18.5,21.0,,0.0,0.0,False,False,18.5,quoted_mid_wide
SAM,2026-08-23T20:00:00+00:00,8.0,29.0,18.5,21.0,,0.0,0.0,False,False,18.5,quoted_mid_wide
SAM,2026-08-23T21:00:00+00:00,7.0,30.0,18.5,23.0,,0.0,0.0,False,False,18.5,quoted_mid_wide
SAM,2026-08-24T04:00:00+00:00,8.0,29.0,18.5,21.0,,0.0,0.0,False,False,18.5,quoted_mid_wide
SAM,2026-08-24T05:00:00+00:00,8.0,29.0,18.5,21.0,,0.0,0.0,False,False,18.5,quoted_mid_wide
SAM,2026-08-24T06:00:00+00:00,8.0,29.0,18.5,21.0,,0.0,0.0,False,False,18.5,quoted_mid_wide
SAM,2026-08-24T07:00:00+00:00,9.0,28.0,18.5,19.0,,0.0,0.0,False,False,18.5,quoted_mid_wide
SAM,2026-08-24T08:00:00+00:00,10.0,30.0,20.0,20.0,,0.0,0.0,False,False,20.0,quoted_mid_wide
SAM,2026-08-24T09:00:00+00:00,7.0,30.0,18.5,23.0,,0.0,0.0,False,False,18.5,quoted_mid_wide
SAM,2026-08-24T11:00:00+00:00,8.0,29.0,18.5,21.0,,0.0,0.0,False,False,18.5,quoted_mid_wide
SAM,2026-08-24T12:00:00+00:00,10.0,30.0,20.0,20.0,,0.0,0.0,False,False,20.0,quoted_mid_wide
SAM,2026-08-24T13:00:00+00:00,9.0,28.0,18.5,19.0,,0.0,0.0,False,False,18.5,quoted_mid_wide
SAM,2026-08-24T14:00:00+00:00,10.0,30.0,20.0,20.0,,0.0,0.0,False,False,20.0,quoted_mid_wide
SAM,2026-08-24T15:00:00+00:00,7.0,30.0,18.5,23.0,,0.0,0.0,False,False,18.5,quoted_mid_wide
SAM,2026-08-24T16:00:00+00:00,9.0,28.0,18.5,19.0,,0.0,0.0,False,False,18.5,quoted_mid_wide
SAM,2026-08-24T17:00:00+00:00,8.0,29.0,18.5,21.0,,0.0,0.0,False,False,18.5,quoted_mid_wide
SAM,2026-08-24T18:00:00+00:00,7.0,30.0,18.5,23.0,,0.0,0.0,False,False,18.5,quoted_mid_wide
SAM,2026-08-24T19:00:00+00:00,8.0,30.0,19.0,22.0,,0.0,0.0,False,False,19.0,quoted_mid_wide
SAM,2026-08-24T20:00:00+00:00,8.0,30.0,19.0,22.0,,0.0,0.0,False,False,19.0,quoted_mid_wide
SAM,2026-08-25T02:00:00+00:00,8.0,30.0,19.0,22.0,8.0,3.0,3.0,False,False,19.0,quoted_mid_wide
SAM,2026-08-25T06:00:00+00:00,8.0,30.0,19.0,22.0,,0.0,3.0,False,False,19.0,quoted_mid_wide
SAM,2026-08-25T09:00:00+00:00,9.0,29.0,19.0,20.0,,0.0,3.0,False,False,19.0,quoted_mid_wide
SAM,2026-08-25T10:00:00+00:00,10.0,29.0,19.5,19.0,,0.0,3.0,False,False,19.5,quoted_mid_wide
SAM,2026-08-25T11:00:00+00:00,9.0,30.0,19.5,21.0,,0.0,3.0,False,False,19.5,quoted_mid_wide
SAM,2026-08-25T13:00:00+00:00,10.0,29.0,19.5,19.0,,0.0,3.0,False,False,19.5,quoted_mid_wide
SAM,2026-08-25T14:00:00+00:00,11.0,29.0,20.0,18.0,,0.0,3.0,False,False,20.0,quoted_mid_wide
SAM,2026-08-25T15:00:00+00:00,12.0,29.0,20.5,17.0,29.0,3.28,6.28,False,False,20.5,quoted_mid_wide
SAM,2026-08-25T16:00:00+00:00,10.0,29.0,19.5,19.0,,0.0,6.28,False,False,19.5,quoted_mid_wide
SAM,2026-08-25T17:00:00+00:00,10.0,30.0,20.0,20.0,,0.0,6.28,False,False,20.0,quoted_mid_wide
SAM,2026-08-25T18:00:00+00:00,8.0,30.0,19.0,22.0,,0.0,6.28,False,False,19.0,quoted_mid_wide
SAM,2026-08-25T23:00:00+00:00,8.0,30.0,19.0,22.0,,0.0,6.28,False,False,19.0,quoted_mid_wide
SAM,2026-08-26T06:00:00+00:00,8.0,30.0,19.0,22.0,,0.0,6.28,False,False,19.0,quoted_mid_wide
SAM,2026-08-26T07:00:00+00:00,9.0,30.0,19.5,21.0,,0.0,6.28,False,False,19.5,quoted_mid_wide
SAM,2026-08-26T18:00:00+00:00,7.0,30.0,18.5,23.0,,0.0,6.28,False,False,18.5,quoted_mid_wide
SAM,2026-08-26T20:00:00+00:00,7.0,28.0,17.5,21.0,,0.0,6.28,False,False,17.5,quoted_mid_wide
SAM,2026-08-26T21:00:00+00:00,7.0,26.0,16.5,19.0,,0.0,6.28,False,False,16.5,quoted_mid_wide
SAM,2026-08-26T22:00:00+00:00,7.0,26.0,16.5,19.0,,0.0,6.28,False,False,16.5,quoted_mid_wide
SAM,2026-08-26T23:00:00+00:00,7.0,24.0,15.5,17.0,,0.0,6.28,False,False,15.5,quoted_mid_wide
SAM,2026-08-27T00:00:00+00:00,7.0,24.0,15.5,17.0,,0.0,6.28,False,False,15.5,quoted_mid_wide
SAM,2026-08-27T03:00:00+00:00,7.0,22.0,14.5,15.0,,0.0,6.28,False,False,14.5,quoted_mid_wide
SAM,2026-08-27T04:00:00+00:00,7.0,22.0,14.5,15.0,,0.0,6.28,False,False,14.5,quoted_mid_wide
SAM,2026-08-27T05:00:00+00:00,7.0,20.0,13.5,13.0,,0.0,6.28,False,False,13.5,quoted_mid_wide
SAM,2026-08-27T06:00:00+00:00,7.0,20.0,13.5,13.0,,0.0,6.28,False,False,13.5,quoted_mid_wide
SAM,2026-08-27T07:00:00+00:00,7.0,30.0,18.5,23.0,,0.0,6.28,False,False,18.5,quoted_mid_wide
SAM,2026-08-27T10:00:00+00:00,7.0,19.0,13.0,12.0,,0.0,6.28,False,False,13.0,quoted_mid_wide
SAM,2026-08-27T11:00:00+00:00,7.0,19.0,13.0,12.0,,0.0,6.28,False,False,13.0,quoted_mid_wide
SAM,2026-08-27T12:00:00+00:00,7.0,19.0,13.0,12.0,,0.0,6.28,False,False,13.0,quoted_mid_wide
SAM,2026-08-27T13:00:00+00:00,7.0,19.0,13.0,12.0,,0.0,6.28,False,False,13.0,quoted_mid_wide
SAM,2026-08-27T14:00:00+00:00,7.0,19.0,13.0,12.0,,0.0,6.28,False,False,13.0,quoted_mid_wide
SAM,2026-08-27T15:00:00+00:00,7.0,19.0,13.0,12.0,,0.0,6.28,False,False,13.0,quoted_mid_wide
SAM,2026-08-27T16:00:00+00:00,7.0,19.0,13.0,12.0,,0.0,6.28,False,False,13.0,quoted_mid_wide
SAM,2026-08-27T17:00:00+00:00,7.0,19.0,13.0,12.0,,0.0,6.28,False,False,13.0,quoted_mid_wide
SAM,2026-08-27T18:00:00+00:00,7.0,19.0,13.0,12.0,,0.0,6.28,False,False,13.0,quoted_mid_wide
SAM,2026-08-27T19:00:00+00:00,7.0,30.0,18.5,23.0,,0.0,6.28,False,False,18.5,quoted_mid_wide
SAM,2026-08-27T20:00:00+00:00,7.0,26.0,16.5,19.0,,0.0,6.28,False,False,16.5,quoted_mid_wide
SAM,2026-08-27T21:00:00+00:00,8.0,24.0,16.0,16.0,25.0,3.0,6.28,False,False,16.0,quoted_mid_wide
SAM,2026-08-27T22:00:00+00:00,7.0,25.0,16.0,18.0,,0.0,6.28,False,False,16.0,quoted_mid_wide
SAM,2026-08-27T23:00:00+00:00,7.0,24.0,15.5,17.0,,0.0,6.28,False,False,15.5,quoted_mid_wide
SAM,2026-08-28T00:00:00+00:00,7.0,25.0,16.0,18.0,,0.0,6.28,False,False,16.0,quoted_mid_wide
SAM,2026-08-28T01:00:00+00:00,8.0,23.0,15.5,15.0,,0.0,6.28,False,False,15.5,quoted_mid_wide
SAM,2026-08-28T02:00:00+00:00,7.0,23.0,15.0,16.0,,0.0,6.28,False,False,15.0,quoted_mid_wide
SAM,2026-08-28T03:00:00+00:00,7.0,21.0,14.0,14.0,,0.0,6.28,False,False,14.0,quoted_mid_wide
SAM,2026-08-28T04:00:00+00:00,7.0,19.0,13.0,12.0,,0.0,6.28,False,False,13.0,quoted_mid_wide
SAM,2026-08-28T05:00:00+00:00,7.0,17.0,12.0,10.0,,0.0,6.28,False,True,12.0,quoted_mid
SAM,2026-08-28T06:00:00+00:00,7.0,16.0,11.5,9.0,,0.0,6.28,False,True,11.5,quoted_mid
SAM,2026-08-28T07:00:00+00:00,7.0,12.0,9.5,5.0,,0.0,6.28,False,True,9.5,quoted_mid
SAM,2026-08-28T08:00:00+00:00,7.0,11.0,9.0,4.0,,0.0,6.28,False,True,9.0,quoted_mid
SAM,2026-08-28T10:00:00+00:00,7.0,10.0,8.5,3.0,,0.0,6.28,False,True,8.5,quoted_mid
SAM,2026-08-28T14:00:00+00:00,7.0,10.0,8.5,3.0,,0.0,6.28,False,True,8.5,quoted_mid
SAM,2026-08-28T15:00:00+00:00,7.0,19.0,13.0,12.0,,0.0,6.28,False,False,13.0,quoted_mid_wide
SAM,2026-08-28T20:00:00+00:00,7.0,19.0,13.0,12.0,,0.0,6.28,False,False,13.0,quoted_mid_wide
SAM,2026-08-28T22:00:00+00:00,15.0,29.0,22.0,14.0,,0.0,6.28,False,False,22.0,quoted_mid_wide
SAM,2026-08-28T23:00:00+00:00,11.0,30.0,20.5,19.0,,0.0,6.28,False,False,20.5,quoted_mid_wide
SAM,2026-08-29T00:00:00+00:00,11.0,29.0,20.0,18.0,,0.0,6.28,False,False,20.0,quoted_mid_wide
SAM,2026-08-29T01:00:00+00:00,10.0,29.0,19.5,19.0,,0.0,6.28,False,False,19.5,quoted_mid_wide
SAM,2026-08-29T02:00:00+00:00,10.0,29.0,19.5,19.0,,0.0,6.28,False,False,19.5,quoted_mid_wide
SAM,2026-08-29T04:00:00+00:00,13.0,23.0,18.0,10.0,,0.0,6.28,False,True,18.0,quoted_mid
SAM,2026-08-29T05:00:00+00:00,13.0,29.0,21.0,16.0,,0.0,6.28,False,False,21.0,quoted_mid_wide
SAM,2026-08-29T06:00:00+00:00,14.0,29.0,21.5,15.0,,0.0,6.28,False,False,21.5,quoted_mid_wide
SAM,2026-08-29T07:00:00+00:00,11.0,29.0,20.0,18.0,,0.0,6.28,False,False,20.0,quoted_mid_wide
SAM,2026-08-29T08:00:00+00:00,11.0,29.0,20.0,18.0,,0.0,6.28,False,False,20.0,quoted_mid_wide
SAM,2026-08-29T09:00:00+00:00,12.0,29.0,20.5,17.0,,0.0,6.28,False,False,20.5,quoted_mid_wide
SAM,2026-08-29T10:00:00+00:00,10.0,29.0,19.5,19.0,,0.0,6.28,False,False,19.5,quoted_mid_wide
SAM,2026-08-29T11:00:00+00:00,10.0,29.0,19.5,19.0,,0.0,6.28,False,False,19.5,quoted_mid_wide
SAM,2026-08-29T12:00:00+00:00,10.0,29.0,19.5,19.0,,0.0,6.28,False,False,19.5,quoted_mid_wide
SAM,2026-08-29T14:00:00+00:00,10.0,29.0,19.5,19.0,29.0,0.32,6.6,False,False,19.5,quoted_mid_wide
SAM,2026-08-29T15:00:00+00:00,10.0,29.0,19.5,19.0,,0.0,6.6,False,False,19.5,quoted_mid_wide
SAM,2026-08-29T16:00:00+00:00,10.0,35.0,22.5,25.0,35.0,27.73,34.33,True,False,35.0,trade
SAM,2026-08-29T18:00:00+00:00,10.0,35.0,22.5,25.0,,0.0,34.33,False,False,35.0,carried_forward
SAM,2026-08-29T19:00:00+00:00,12.0,35.0,23.5,23.0,,0.0,34.33,False,False,35.0,carried_forward
SAM,2026-08-29T20:00:00+00:00,13.0,35.0,24.0,22.0,,0.0,34.33,False,False,35.0,carried_forward
SAM,2026-08-29T21:00:00+00:00,15.0,35.0,25.0,20.0,,0.0,34.33,False,False,35.0,carried_forward
SAM,2026-08-29T22:00:00+00:00,17.0,35.0,26.0,18.0,,0.0,34.33,False,False,35.0,carried_forward
SAM,2026-08-29T23:00:00+00:00,16.0,35.0,25.5,19.0,,0.0,34.33,False,False,35.0,carried_forward
SAM,2026-08-30T00:00:00+00:00,17.0,35.0,26.0,18.0,35.0,29.73,64.06,True,False,35.0,trade
SAM,2026-08-30T01:00:00+00:00,9.0,29.0,19.0,20.0,,0.0,64.06,False,False,35.0,carried_forward
SAM,2026-08-30T02:00:00+00:00,10.0,34.0,22.0,24.0,,0.0,64.06,False,False,35.0,carried_forward
SAM,2026-08-30T03:00:00+00:00,10.0,34.0,22.0,24.0,,0.0,64.06,False,False,35.0,carried_forward
SAM,2026-08-30T04:00:00+00:00,8.0,33.0,20.5,25.0,34.0,6.32,67.38,False,False,35.0,carried_forward
SAM,2026-08-30T05:00:00+00:00,12.0,25.0,18.5,13.0,,0.0,67.38,False,False,35.0,carried_forward
SAM,2026-08-30T06:00:00+00:00,11.0,23.0,17.0,12.0,24.0,50.8,118.18,True,False,24.0,trade
SAM,2026-08-30T07:00:00+00:00,11.0,22.0,16.5,11.0,,0.0,118.18,False,False,24.0,carried_forward
SAM,2026-08-30T08:00:00+00:00,11.0,22.0,16.5,11.0,22.0,1.0,119.18,False,False,24.0,carried_forward
SAM,2026-08-30T09:00:00+00:00,10.0,19.0,14.5,9.0,,0.0,119.18,False,True,24.0,carried_forward
SAM,2026-08-30T10:00:00+00:00,10.0,17.0,13.5,7.0,,0.0,119.18,False,True,24.0,carried_forward
SAM,2026-08-30T11:00:00+00:00,11.0,28.0,19.5,17.0,30.0,3.6,122.78,False,False,24.0,carried_forward
SAM,2026-08-30T13:00:00+00:00,11.0,28.0,19.5,17.0,,0.0,122.78,False,False,24.0,carried_forward
SAM,2026-08-30T15:00:00+00:00,10.0,28.0,19.0,18.0,,0.0,122.78,False,False,24.0,carried_forward
SAM,2026-08-30T16:00:00+00:00,11.0,17.0,14.0,6.0,,0.0,122.78,False,True,24.0,carried_forward
SAM,2026-08-30T17:00:00+00:00,12.0,24.0,18.0,12.0,21.0,24.04,146.82,True,False,21.0,trade
SAM,2026-08-30T18:00:00+00:00,11.0,18.0,14.5,7.0,22.0,21.0,167.82,True,True,22.0,trade
SAM,2026-08-30T19:00:00+00:00,11.0,16.0,13.5,5.0,29.0,73.0,240.82,True,True,29.0,trade
SAM,2026-08-30T20:00:00+00:00,11.0,18.0,14.5,7.0,25.0,2.89,243.71,False,True,29.0,carried_forward
SAM,2026-08-30T21:00:00+00:00,11.0,13.0,12.0,2.0,13.0,21.55,265.26,True,True,13.0,trade
SAM,2026-08-30T22:00:00+00:00,8.0,13.0,10.5,5.0,13.0,111.95,327.86,True,True,13.0,trade
SAM,2026-08-30T23:00:00+00:00,8.0,13.0,10.5,5.0,13.0,5.0,332.86,False,True,13.0,carried_forward
SAM,2026-08-31T00:00:00+00:00,8.0,10.0,9.0,2.0,9.0,139.95,432.81,True,True,9.0,trade
SAM,2026-08-31T01:00:00+00:00,8.0,9.0,8.5,1.0,9.0,200.0,632.81,True,True,9.0,trade
SAM,2026-08-31T02:00:00+00:00,10.0,26.0,18.0,16.0,13.0,51.07,682.81,True,False,13.0,trade
SAM,2026-08-31T03:00:00+00:00,12.0,25.0,18.5,13.0,22.0,17.24,699.05,True,False,22.0,trade
SAM,2026-08-31T04:00:00+00:00,12.0,29.0,20.5,17.0,,0.0,699.05,False,False,22.0,carried_forward
SAM,2026-08-31T05:00:00+00:00,13.0,30.0,21.5,17.0,29.0,26.28,725.33,True,False,29.0,trade
SAM,2026-08-31T06:00:00+00:00,14.0,30.0,22.0,16.0,,0.0,725.33,False,False,29.0,carried_forward
SAM,2026-08-31T07:00:00+00:00,16.0,30.0,23.0,14.0,,0.0,725.33,False,False,29.0,carried_forward
SAM,2026-08-31T08:00:00+00:00,11.0,15.0,13.0,4.0,15.0,128.0,679.81,True,True,15.0,trade
SAM,2026-08-31T09:00:00+00:00,10.0,14.0,12.0,4.0,13.0,5.0,684.81,False,True,15.0,carried_forward
SAM,2026-08-31T10:00:00+00:00,10.0,14.0,12.0,4.0,13.0,29.0,713.81,True,True,13.0,trade
SAM,2026-08-31T11:00:00+00:00,11.0,15.0,13.0,4.0,13.0,2.0,715.81,False,True,13.0,carried_forward
SAM,2026-08-31T12:00:00+00:00,11.0,15.0,13.0,4.0,15.0,44.5,722.81,True,True,15.0,trade
SAM,2026-08-31T13:00:00+00:00,11.0,18.0,14.5,7.0,17.0,108.84,797.15,True,True,17.0,trade
SAM,2026-08-31T14:00:00+00:00,11.0,18.0,14.5,7.0,19.0,60.84,857.99,True,True,19.0,trade
SAM,2026-08-31T15:00:00+00:00,11.0,18.0,14.5,7.0,18.0,5.25,863.24,False,True,19.0,carried_forward
SAM,2026-08-31T16:00:00+00:00,11.0,20.0,15.5,9.0,19.0,39.9,903.14,True,True,19.0,trade
SAM,2026-08-31T17:00:00+00:00,11.0,22.0,16.5,11.0,,0.0,903.14,False,False,19.0,carried_forward
SAM,2026-08-31T18:00:00+00:00,14.0,22.0,18.0,8.0,,0.0,903.14,False,True,19.0,carried_forward
SAM,2026-08-31T19:00:00+00:00,14.0,22.0,18.0,8.0,22.0,21.55,924.69,True,True,22.0,trade
SAM,2026-08-31T20:00:00+00:00,14.0,22.0,18.0,8.0,22.0,8.62,933.31,False,True,22.0,carried_forward
SAM,2026-08-31T21:00:00+00:00,14.0,22.0,18.0,8.0,22.0,12.93,946.24,True,True,22.0,trade
SAM,2026-08-31T22:00:00+00:00,13.0,22.0,17.5,9.0,22.0,90.2,1032.44,True,True,22.0,trade
SAM,2026-08-31T23:00:00+00:00,15.0,20.0,17.5,5.0,,0.0,1032.44,False,True,22.0,carried_forward
SAM,2026-09-01T00:00:00+00:00,5.0,7.0,6.0,2.0,5.0,2332.64,3336.33,True,True,5.0,trade
SAM,2026-09-01T01:00:00+00:00,5.0,6.0,5.5,1.0,6.0,3028.41,6322.74,True,True,6.0,trade
SAM,2026-09-01T02:00:00+00:00,5.0,6.0,5.5,1.0,6.0,193.16,6514.9,True,True,6.0,trade
SAM,2026-09-01T03:00:00+00:00,5.0,6.0,5.5,1.0,6.0,78.18,6549.58,True,True,6.0,trade
SAM,2026-09-01T04:00:00+00:00,5.0,6.0,5.5,1.0,6.0,168.74,6718.32,True,True,6.0,trade
SIU,2026-08-18T16:00:00+00:00,5.0,95.0,50.0,90.0,,0.0,0.0,False,False,50.0,quoted_mid_wide
SIU,2026-08-18T17:00:00+00:00,7.0,93.0,50.0,86.0,,0.0,0.0,False,False,50.0,quoted_mid_wide
SIU,2026-08-18T22:00:00+00:00,7.0,90.0,48.5,83.0,,0.0,0.0,False,False,48.5,quoted_mid_wide
SIU,2026-08-19T00:00:00+00:00,7.0,90.0,48.5,83.0,,0.0,0.0,False,False,48.5,quoted_mid_wide
SIU,2026-08-19T02:00:00+00:00,7.0,90.0,48.5,83.0,,0.0,0.0,False,False,48.5,quoted_mid_wide
SIU,2026-08-19T18:00:00+00:00,70.0,90.0,80.0,20.0,,0.0,0.0,False,False,80.0,quoted_mid_wide
SIU,2026-08-19T21:00:00+00:00,70.0,90.0,80.0,20.0,,0.0,0.0,False,False,80.0,quoted_mid_wide
SIU,2026-08-20T02:00:00+00:00,70.0,90.0,80.0,20.0,,0.0,0.0,False,False,80.0,quoted_mid_wide
SIU,2026-08-20T23:00:00+00:00,70.0,90.0,80.0,20.0,,0.0,0.0,False,False,80.0,quoted_mid_wide
SIU,2026-08-21T18:00:00+00:00,70.0,90.0,80.0,20.0,,0.0,0.0,False,False,80.0,quoted_mid_wide
SIU,2026-08-22T22:00:00+00:00,70.0,90.0,80.0,20.0,,0.0,0.0,False,False,80.0,quoted_mid_wide
SIU,2026-08-23T00:00:00+00:00,70.0,90.0,80.0,20.0,,0.0,0.0,False,False,80.0,quoted_mid_wide
SIU,2026-08-24T07:00:00+00:00,71.0,90.0,80.5,19.0,,0.0,0.0,False,False,80.5,quoted_mid_wide
SIU,2026-08-24T08:00:00+00:00,72.0,90.0,81.0,18.0,,0.0,0.0,False,False,81.0,quoted_mid_wide
SIU,2026-08-24T09:00:00+00:00,71.0,89.0,80.0,18.0,,0.0,0.0,False,False,80.0,quoted_mid_wide
SIU,2026-08-24T10:00:00+00:00,70.0,89.0,79.5,19.0,,0.0,0.0,False,False,79.5,quoted_mid_wide
SIU,2026-08-24T11:00:00+00:00,71.0,89.0,80.0,18.0,,0.0,0.0,False,False,80.0,quoted_mid_wide
SIU,2026-08-24T12:00:00+00:00,72.0,89.0,80.5,17.0,,0.0,0.0,False,False,80.5,quoted_mid_wide
SIU,2026-08-24T13:00:00+00:00,71.0,89.0,80.0,18.0,,0.0,0.0,False,False,80.0,quoted_mid_wide
SIU,2026-08-24T14:00:00+00:00,72.0,89.0,80.5,17.0,,0.0,0.0,False,False,80.5,quoted_mid_wide
SIU,2026-08-24T15:00:00+00:00,70.0,86.0,78.0,16.0,,0.0,0.0,False,False,78.0,quoted_mid_wide
SIU,2026-08-24T16:00:00+00:00,71.0,87.0,79.0,16.0,,0.0,0.0,False,False,79.0,quoted_mid_wide
SIU,2026-08-24T17:00:00+00:00,70.0,87.0,78.5,17.0,,0.0,0.0,False,False,78.5,quoted_mid_wide
SIU,2026-08-24T18:00:00+00:00,70.0,90.0,80.0,20.0,,0.0,0.0,False,False,80.0,quoted_mid_wide
SIU,2026-08-24T19:00:00+00:00,70.0,90.0,80.0,20.0,,0.0,0.0,False,False,80.0,quoted_mid_wide
SIU,2026-08-24T20:00:00+00:00,70.0,90.0,80.0,20.0,,0.0,0.0,False,False,80.0,quoted_mid_wide
SIU,2026-08-25T02:00:00+00:00,70.0,90.0,80.0,20.0,90.0,3.0,3.0,False,False,80.0,quoted_mid_wide
SIU,2026-08-25T03:00:00+00:00,70.0,90.0,80.0,20.0,,0.0,3.0,False,False,80.0,quoted_mid_wide
SIU,2026-08-25T04:00:00+00:00,70.0,90.0,80.0,20.0,,0.0,3.0,False,False,80.0,quoted_mid_wide
SIU,2026-08-25T05:00:00+00:00,70.0,90.0,80.0,20.0,,0.0,3.0,False,False,80.0,quoted_mid_wide
SIU,2026-08-25T07:00:00+00:00,70.0,90.0,80.0,20.0,,0.0,3.0,False,False,80.0,quoted_mid_wide
SIU,2026-08-25T08:00:00+00:00,70.0,90.0,80.0,20.0,,0.0,3.0,False,False,80.0,quoted_mid_wide
SIU,2026-08-25T09:00:00+00:00,70.0,90.0,80.0,20.0,,0.0,3.0,False,False,80.0,quoted_mid_wide
SIU,2026-08-25T10:00:00+00:00,70.0,90.0,80.0,20.0,,0.0,3.0,False,False,80.0,quoted_mid_wide
SIU,2026-08-25T11:00:00+00:00,70.0,90.0,80.0,20.0,,0.0,3.0,False,False,80.0,quoted_mid_wide
SIU,2026-08-25T13:00:00+00:00,70.0,90.0,80.0,20.0,,0.0,3.0,False,False,80.0,quoted_mid_wide
SIU,2026-08-25T14:00:00+00:00,70.0,88.0,79.0,18.0,,0.0,3.0,False,False,79.0,quoted_mid_wide
SIU,2026-08-25T15:00:00+00:00,70.0,89.0,79.5,19.0,,0.0,3.0,False,False,79.5,quoted_mid_wide
SIU,2026-08-25T16:00:00+00:00,66.0,89.0,77.5,23.0,65.0,3.28,6.28,False,False,77.5,quoted_mid_wide
SIU,2026-08-25T17:00:00+00:00,66.0,89.0,77.5,23.0,,0.0,6.28,False,False,77.5,quoted_mid_wide
SIU,2026-08-25T18:00:00+00:00,66.0,90.0,78.0,24.0,,0.0,6.28,False,False,78.0,quoted_mid_wide
SIU,2026-08-25T21:00:00+00:00,66.0,90.0,78.0,24.0,,0.0,6.28,False,False,78.0,quoted_mid_wide
SIU,2026-08-25T22:00:00+00:00,66.0,90.0,78.0,24.0,,0.0,6.28,False,False,78.0,quoted_mid_wide
SIU,2026-08-25T23:00:00+00:00,66.0,90.0,78.0,24.0,,0.0,6.28,False,False,78.0,quoted_mid_wide
SIU,2026-08-26T00:00:00+00:00,66.0,90.0,78.0,24.0,,0.0,6.28,False,False,78.0,quoted_mid_wide
SIU,2026-08-26T01:00:00+00:00,66.0,90.0,78.0,24.0,,0.0,6.28,False,False,78.0,quoted_mid_wide
SIU,2026-08-26T02:00:00+00:00,66.0,90.0,78.0,24.0,,0.0,6.28,False,False,78.0,quoted_mid_wide
SIU,2026-08-26T03:00:00+00:00,66.0,90.0,78.0,24.0,,0.0,6.28,False,False,78.0,quoted_mid_wide
SIU,2026-08-26T06:00:00+00:00,66.0,90.0,78.0,24.0,,0.0,6.28,False,False,78.0,quoted_mid_wide
SIU,2026-08-26T07:00:00+00:00,66.0,90.0,78.0,24.0,,0.0,6.28,False,False,78.0,quoted_mid_wide
SIU,2026-08-26T08:00:00+00:00,66.0,90.0,78.0,24.0,,0.0,6.28,False,False,78.0,quoted_mid_wide
SIU,2026-08-26T09:00:00+00:00,66.0,90.0,78.0,24.0,,0.0,6.28,False,False,78.0,quoted_mid_wide
SIU,2026-08-26T12:00:00+00:00,66.0,90.0,78.0,24.0,,0.0,6.28,False,False,78.0,quoted_mid_wide
SIU,2026-08-26T17:00:00+00:00,66.0,90.0,78.0,24.0,,0.0,6.28,False,False,78.0,quoted_mid_wide
SIU,2026-08-26T18:00:00+00:00,69.0,93.0,81.0,24.0,90.0,447.0,453.28,True,False,90.0,trade
SIU,2026-08-26T19:00:00+00:00,71.0,93.0,82.0,22.0,,0.0,453.28,False,False,90.0,carried_forward
SIU,2026-08-26T20:00:00+00:00,74.0,93.0,83.5,19.0,,0.0,453.28,False,False,90.0,carried_forward
SIU,2026-08-26T21:00:00+00:00,76.0,93.0,84.5,17.0,,0.0,453.28,False,False,90.0,carried_forward
SIU,2026-08-26T22:00:00+00:00,75.0,93.0,84.0,18.0,,0.0,453.28,False,False,90.0,carried_forward
SIU,2026-08-26T23:00:00+00:00,78.0,93.0,85.5,15.0,,0.0,453.28,False,False,90.0,carried_forward
SIU,2026-08-27T00:00:00+00:00,79.0,93.0,86.0,14.0,,0.0,453.28,False,False,90.0,carried_forward
SIU,2026-08-27T01:00:00+00:00,78.0,93.0,85.5,15.0,,0.0,453.28,False,False,90.0,carried_forward
SIU,2026-08-27T03:00:00+00:00,80.0,93.0,86.5,13.0,,0.0,453.28,False,False,90.0,carried_forward
SIU,2026-08-27T04:00:00+00:00,81.0,93.0,87.0,12.0,,0.0,453.28,False,False,90.0,carried_forward
SIU,2026-08-27T05:00:00+00:00,82.0,93.0,87.5,11.0,,0.0,453.28,False,False,90.0,carried_forward
SIU,2026-08-27T06:00:00+00:00,82.0,93.0,87.5,11.0,,0.0,453.28,False,False,90.0,carried_forward
SIU,2026-08-27T08:00:00+00:00,82.0,93.0,87.5,11.0,,0.0,453.28,False,False,90.0,carried_forward
SIU,2026-08-27T10:00:00+00:00,82.0,93.0,87.5,11.0,,0.0,453.28,False,False,90.0,carried_forward
SIU,2026-08-27T11:00:00+00:00,82.0,93.0,87.5,11.0,,0.0,453.28,False,False,90.0,carried_forward
SIU,2026-08-27T15:00:00+00:00,82.0,93.0,87.5,11.0,,0.0,453.28,False,False,90.0,carried_forward
SIU,2026-08-27T16:00:00+00:00,82.0,93.0,87.5,11.0,,0.0,453.28,False,False,90.0,carried_forward
SIU,2026-08-27T17:00:00+00:00,82.0,93.0,87.5,11.0,,0.0,453.28,False,False,90.0,carried_forward
SIU,2026-08-27T19:00:00+00:00,72.0,93.0,82.5,21.0,,0.0,453.28,False,False,90.0,carried_forward
SIU,2026-08-27T20:00:00+00:00,76.0,93.0,84.5,17.0,,0.0,453.28,False,False,90.0,carried_forward
SIU,2026-08-27T21:00:00+00:00,77.0,92.0,84.5,15.0,77.0,3.0,456.28,False,False,90.0,carried_forward
SIU,2026-08-27T22:00:00+00:00,77.0,93.0,85.0,16.0,,0.0,456.28,False,False,90.0,carried_forward
SIU,2026-08-27T23:00:00+00:00,77.0,93.0,85.0,16.0,,0.0,456.28,False,False,90.0,carried_forward
SIU,2026-08-28T00:00:00+00:00,77.0,93.0,85.0,16.0,,0.0,456.28,False,False,90.0,carried_forward
SIU,2026-08-28T01:00:00+00:00,78.0,92.0,85.0,14.0,,0.0,456.28,False,False,90.0,carried_forward
SIU,2026-08-28T02:00:00+00:00,78.0,93.0,85.5,15.0,,0.0,456.28,False,False,90.0,carried_forward
SIU,2026-08-28T03:00:00+00:00,80.0,93.0,86.5,13.0,,0.0,456.28,False,False,90.0,carried_forward
SIU,2026-08-28T04:00:00+00:00,82.0,93.0,87.5,11.0,,0.0,456.28,False,False,90.0,carried_forward
SIU,2026-08-28T05:00:00+00:00,84.0,93.0,88.5,9.0,,0.0,456.28,False,True,90.0,carried_forward
SIU,2026-08-28T06:00:00+00:00,86.0,93.0,89.5,7.0,,0.0,456.28,False,True,90.0,carried_forward
SIU,2026-08-28T07:00:00+00:00,88.0,93.0,90.5,5.0,,0.0,456.28,False,True,90.0,carried_forward
SIU,2026-08-28T08:00:00+00:00,89.0,93.0,91.0,4.0,,0.0,456.28,False,True,90.0,carried_forward
SIU,2026-08-28T10:00:00+00:00,90.0,93.0,91.5,3.0,,0.0,456.28,False,True,90.0,carried_forward
SIU,2026-08-28T14:00:00+00:00,90.0,93.0,91.5,3.0,,0.0,456.28,False,True,90.0,carried_forward
SIU,2026-08-28T15:00:00+00:00,89.0,93.0,91.0,4.0,,0.0,456.28,False,True,90.0,carried_forward
SIU,2026-08-28T22:00:00+00:00,71.0,84.0,77.5,13.0,89.0,250.0,456.28,True,False,89.0,trade
SIU,2026-08-28T23:00:00+00:00,66.0,87.0,76.5,21.0,,0.0,456.28,False,False,89.0,carried_forward
SIU,2026-08-29T00:00:00+00:00,70.0,87.0,78.5,17.0,,0.0,456.28,False,False,89.0,carried_forward
SIU,2026-08-29T01:00:00+00:00,70.0,89.0,79.5,19.0,,0.0,456.28,False,False,89.0,carried_forward
SIU,2026-08-29T02:00:00+00:00,70.0,89.0,79.5,19.0,,0.0,456.28,False,False,89.0,carried_forward
SIU,2026-08-29T04:00:00+00:00,76.0,87.0,81.5,11.0,,0.0,456.28,False,False,89.0,carried_forward
SIU,2026-08-29T05:00:00+00:00,66.0,85.0,75.5,19.0,,0.0,456.28,False,False,89.0,carried_forward
SIU,2026-08-29T06:00:00+00:00,70.0,84.0,77.0,14.0,,0.0,456.28,False,False,89.0,carried_forward
SIU,2026-08-29T07:00:00+00:00,70.0,88.0,79.0,18.0,,0.0,456.28,False,False,89.0,carried_forward
SIU,2026-08-29T08:00:00+00:00,70.0,87.0,78.5,17.0,,0.0,456.28,False,False,89.0,carried_forward
SIU,2026-08-29T09:00:00+00:00,70.0,86.0,78.0,16.0,,0.0,456.28,False,False,89.0,carried_forward
SIU,2026-08-29T10:00:00+00:00,70.0,89.0,79.5,19.0,,0.0,456.28,False,False,89.0,carried_forward
SIU,2026-08-29T11:00:00+00:00,70.0,89.0,79.5,19.0,,0.0,456.28,False,False,89.0,carried_forward
SIU,2026-08-29T12:00:00+00:00,70.0,89.0,79.5,19.0,,0.0,456.28,False,False,89.0,carried_forward
SIU,2026-08-29T13:00:00+00:00,70.0,89.0,79.5,19.0,89.0,1.0,457.28,False,False,89.0,carried_forward
SIU,2026-08-29T14:00:00+00:00,66.0,89.0,77.5,23.0,,0.0,457.28,False,False,89.0,carried_forward
SIU,2026-08-29T15:00:00+00:00,66.0,89.0,77.5,23.0,,0.0,457.28,False,False,89.0,carried_forward
SIU,2026-08-29T16:00:00+00:00,65.0,89.0,77.0,24.0,65.0,13.68,470.96,True,False,65.0,trade
SIU,2026-08-29T17:00:00+00:00,65.0,89.0,77.0,24.0,,0.0,470.96,False,False,65.0,carried_forward
SIU,2026-08-29T18:00:00+00:00,65.0,89.0,77.0,24.0,,0.0,470.96,False,False,65.0,carried_forward
SIU,2026-08-29T19:00:00+00:00,66.0,86.0,76.0,20.0,,0.0,470.96,False,False,65.0,carried_forward
SIU,2026-08-29T20:00:00+00:00,66.0,84.0,75.0,18.0,,0.0,470.96,False,False,65.0,carried_forward
SIU,2026-08-29T21:00:00+00:00,65.0,83.0,74.0,18.0,,0.0,470.96,False,False,65.0,carried_forward
SIU,2026-08-29T22:00:00+00:00,65.0,82.0,73.5,17.0,,0.0,470.96,False,False,65.0,carried_forward
SIU,2026-08-30T00:00:00+00:00,66.0,78.0,72.0,12.0,77.0,1.0,471.96,False,False,65.0,carried_forward
SIU,2026-08-30T01:00:00+00:00,74.0,89.0,81.5,15.0,80.0,6.23,477.19,False,False,65.0,carried_forward
SIU,2026-08-30T02:00:00+00:00,75.0,87.0,81.0,12.0,,0.0,477.19,False,False,65.0,carried_forward
SIU,2026-08-30T03:00:00+00:00,77.0,88.0,82.5,11.0,88.0,11.3,488.49,True,False,88.0,trade
SIU,2026-08-30T04:00:00+00:00,76.0,90.0,83.0,14.0,73.0,6.32,485.49,False,False,88.0,carried_forward
SIU,2026-08-30T05:00:00+00:00,79.0,88.0,83.5,9.0,,0.0,485.49,False,True,88.0,carried_forward
SIU,2026-08-30T06:00:00+00:00,78.0,89.0,83.5,11.0,79.0,1.38,485.49,False,False,88.0,carried_forward
SIU,2026-08-30T07:00:00+00:00,80.0,89.0,84.5,9.0,89.0,9.51,495.0,False,True,88.0,carried_forward
SIU,2026-08-30T08:00:00+00:00,81.0,89.0,85.0,8.0,80.0,1.0,495.08,False,True,88.0,carried_forward
SIU,2026-08-30T09:00:00+00:00,83.0,89.0,86.0,6.0,,0.0,495.08,False,True,88.0,carried_forward
SIU,2026-08-30T10:00:00+00:00,85.0,89.0,87.0,4.0,,0.0,495.08,False,True,88.0,carried_forward
SIU,2026-08-30T11:00:00+00:00,84.0,89.0,86.5,5.0,85.0,1.0,496.08,False,True,88.0,carried_forward
SIU,2026-08-30T13:00:00+00:00,84.0,89.0,86.5,5.0,89.0,5.57,501.65,False,True,88.0,carried_forward
SIU,2026-08-30T15:00:00+00:00,84.0,90.0,87.0,6.0,89.0,7.8,509.45,False,True,88.0,carried_forward
SIU,2026-08-30T16:00:00+00:00,85.0,88.0,86.5,3.0,89.0,2.78,512.23,False,True,88.0,carried_forward
SIU,2026-08-30T17:00:00+00:00,84.0,88.0,86.0,4.0,85.0,119.45,623.69,True,True,85.0,trade
SIU,2026-08-30T18:00:00+00:00,86.0,89.0,87.5,3.0,86.0,10.17,630.4,True,True,86.0,trade
SIU,2026-08-30T19:00:00+00:00,86.0,90.0,88.0,4.0,85.0,11.52,635.91,True,True,85.0,trade
SIU,2026-08-30T20:00:00+00:00,85.0,90.0,87.5,5.0,86.0,2.84,635.91,False,True,85.0,carried_forward
SIU,2026-08-30T21:00:00+00:00,88.0,90.0,89.0,2.0,90.0,7.49,636.35,False,True,85.0,carried_forward
SIU,2026-08-30T22:00:00+00:00,88.0,90.0,89.0,2.0,,0.0,636.35,False,True,85.0,carried_forward
SIU,2026-08-30T23:00:00+00:00,88.0,90.0,89.0,2.0,90.0,1.1,637.45,False,True,85.0,carried_forward
SIU,2026-08-31T00:00:00+00:00,89.0,90.0,89.5,1.0,90.0,21.0,638.45,True,True,90.0,trade
SIU,2026-08-31T01:00:00+00:00,89.0,90.0,89.5,1.0,,0.0,638.45,False,True,90.0,carried_forward
SIU,2026-08-31T02:00:00+00:00,75.0,90.0,82.5,15.0,88.0,47.0,638.45,True,False,88.0,trade
SIU,2026-08-31T03:00:00+00:00,75.0,88.0,81.5,13.0,88.0,0.32,638.77,False,False,88.0,carried_forward
SIU,2026-08-31T04:00:00+00:00,74.0,88.0,81.0,14.0,74.0,5.61,638.77,False,False,88.0,carried_forward
SIU,2026-08-31T05:00:00+00:00,69.0,86.0,77.5,17.0,,0.0,638.77,False,False,88.0,carried_forward
SIU,2026-08-31T06:00:00+00:00,70.0,86.0,78.0,16.0,,0.0,638.77,False,False,88.0,carried_forward
SIU,2026-08-31T07:00:00+00:00,71.0,84.0,77.5,13.0,85.0,251.0,638.77,True,False,85.0,trade
SIU,2026-08-31T08:00:00+00:00,83.0,89.0,86.0,6.0,83.0,75.0,710.77,True,True,83.0,trade
SIU,2026-08-31T09:00:00+00:00,83.0,89.0,86.0,6.0,89.0,2.23,713.0,False,True,83.0,carried_forward
SIU,2026-08-31T10:00:00+00:00,84.0,89.0,86.5,5.0,,0.0,713.0,False,True,83.0,carried_forward
SIU,2026-08-31T11:00:00+00:00,83.0,90.0,86.5,7.0,,0.0,713.0,False,True,83.0,carried_forward
SIU,2026-08-31T12:00:00+00:00,83.0,90.0,86.5,7.0,,0.0,713.0,False,True,83.0,carried_forward
SIU,2026-08-31T13:00:00+00:00,83.0,90.0,86.5,7.0,,0.0,713.0,False,True,83.0,carried_forward
SIU,2026-08-31T14:00:00+00:00,83.0,90.0,86.5,7.0,90.0,2.2,715.2,False,True,83.0,carried_forward
SIU,2026-08-31T15:00:00+00:00,83.0,90.0,86.5,7.0,,0.0,715.2,False,True,83.0,carried_forward
SIU,2026-08-31T16:00:00+00:00,80.0,90.0,85.0,10.0,83.0,24.9,715.2,True,True,83.0,trade
SIU,2026-08-31T17:00:00+00:00,78.0,90.0,84.0,12.0,88.0,47.02,762.22,True,False,88.0,trade
SIU,2026-08-31T18:00:00+00:00,77.0,88.0,82.5,11.0,,0.0,762.22,False,False,88.0,carried_forward
SIU,2026-08-31T19:00:00+00:00,78.0,88.0,83.0,10.0,89.0,5.57,767.79,False,True,88.0,carried_forward
SIU,2026-08-31T20:00:00+00:00,78.0,87.0,82.5,9.0,,0.0,767.79,False,True,88.0,carried_forward
SIU,2026-08-31T21:00:00+00:00,79.0,87.0,83.0,8.0,87.0,13.26,781.05,True,True,87.0,trade
SIU,2026-08-31T22:00:00+00:00,79.0,87.0,83.0,8.0,85.0,4.0,785.05,False,True,87.0,carried_forward
SIU,2026-08-31T23:00:00+00:00,82.0,85.0,83.5,3.0,87.0,0.56,785.61,False,True,87.0,carried_forward
SIU,2026-09-01T00:00:00+00:00,93.0,95.0,94.0,2.0,94.0,11028.84,11185.91,True,True,94.0,trade
SIU,2026-09-01T01:00:00+00:00,94.0,95.0,94.5,1.0,94.0,0.31,11185.91,False,True,94.0,carried_forward
SIU,2026-09-01T02:00:00+00:00,94.0,95.0,94.5,1.0,94.0,250.0,11435.91,True,True,94.0,trade
SIU,2026-09-01T03:00:00+00:00,94.0,95.0,94.5,1.0,,0.0,11435.91,False,True,94.0,carried_forward
SIU,2026-09-01T04:00:00+00:00,94.0,95.0,94.5,1.0,95.0,1.94,11437.85,False,True,94.0,carried_forward
