market_side,timestamp_utc,open_cents,close_cents,high_cents,low_cents,yes_bid_close_cents,yes_ask_close_cents,volume,open_interest
SAM,2026-08-18T16:00:00+00:00,,,,,5.0,95.0,0.0,0.0
SAM,2026-08-18T17:00:00+00:00,,,,,7.0,93.0,0.0,0.0
SAM,2026-08-18T22:00:00+00:00,,,,,7.0,90.0,0.0,0.0
SAM,2026-08-19T00:00:00+00:00,,,,,7.0,90.0,0.0,0.0
SAM,2026-08-19T02:00:00+00:00,,,,,7.0,90.0,0.0,0.0
SAM,2026-08-19T18:00:00+00:00,,,,,7.0,30.0,0.0,0.0
SAM,2026-08-21T03:00:00+00:00,,,,,8.0,29.0,0.0,0.0
SAM,2026-08-21T04:00:00+00:00,,,,,8.0,29.0,0.0,0.0
SAM,2026-08-21T05:00:00+00:00,,,,,8.0,29.0,0.0,0.0
SAM,2026-08-21T06:00:00+00:00,,,,,8.0,29.0,0.0,0.0
SAM,2026-08-21T07:00:00+00:00,,,,,8.0,29.0,0.0,0.0
SAM,2026-08-21T08:00:00+00:00,,,,,8.0,29.0,0.0,0.0
SAM,2026-08-21T09:00:00+00:00,,,,,8.0,29.0,0.0,0.0
SAM,2026-08-21T10:00:00+00:00,,,,,8.0,29.0,0.0,0.0
SAM,2026-08-21T11:00:00+00:00,,,,,8.0,29.0,0.0,0.0
SAM,2026-08-21T12:00:00+00:00,,,,,8.0,29.0,0.0,0.0
SAM,2026-08-21T13:00:00+00:00,,,,,8.0,29.0,0.0,0.0
SAM,2026-08-21T14:00:00+00:00,,,,,8.0,29.0,0.0,0.0
SAM,2026-08-21T15:00:00+00:00,,,,,8.0,29.0,0.0,0.0
SAM,2026-08-21T16:00:00+00:00,,,,,8.0,29.0,0.0,0.0
SAM,2026-08-21T17:00:00+00:00,,,,,8.0,29.0,0.0,0.0
SAM,2026-08-21T18:00:00+00:00,,,,,8.0,29.0,0.0,0.0
SAM,2026-08-21T19:00:00+00:00,,,,,8.0,29.0,0.0,0.0
SAM,2026-08-21T20:00:00+00:00,,,,,8.0,29.0,0.0,0.0
SAM,2026-08-21T21:00:00+00:00,,,,,8.0,29.0,0.0,0.0
SAM,2026-08-21T22:00:00+00:00,,,,,8.0,29.0,0.0,0.0
SAM,2026-08-21T23:00:00+00:00,,,,,8.0,29.0,0.0,0.0
SAM,2026-08-22T00:00:00+00:00,,,,,8.0,29.0,0.0,0.0
SAM,2026-08-22T01:00:00+00:00,,,,,8.0,29.0,0.0,0.0
SAM,2026-08-22T02:00:00+00:00,,,,,8.0,29.0,0.0,0.0
SAM,2026-08-22T03:00:00+00:00,,,,,8.0,29.0,0.0,0.0
SAM,2026-08-22T04:00:00+00:00,,,,,8.0,29.0,0.0,0.0
SAM,2026-08-22T05:00:00+00:00,,,,,8.0,29.0,0.0,0.0
SAM,2026-08-22T06:00:00+00:00,,,,,8.0,29.0,0.0,0.0
SAM,2026-08-22T07:00:00+00:00,,,,,8.0,29.0,0.0,0.0
SAM,2026-08-22T08:00:00+00:00,,,,,8.0,29.0,0.0,0.0
SAM,2026-08-22T09:00:00+00:00,,,,,8.0,29.0,0.0,0.0
SAM,2026-08-22T10:00:00+00:00,,,,,8.0,29.0,0.0,0.0
SAM,2026-08-22T11:00:00+00:00,,,,,8.0,29.0,0.0,0.0
SAM,2026-08-22T12:00:00+00:00,,,,,8.0,29.0,0.0,0.0
SAM,2026-08-22T13:00:00+00:00,,,,,8.0,29.0,0.0,0.0
SAM,2026-08-22T14:00:00+00:00,,,,,8.0,29.0,0.0,0.0
SAM,2026-08-22T15:00:00+00:00,,,,,8.0,29.0,0.0,0.0
SAM,2026-08-22T16:00:00+00:00,,,,,8.0,29.0,0.0,0.0
SAM,2026-08-22T17:00:00+00:00,,,,,8.0,29.0,0.0,0.0
SAM,2026-08-22T18:00:00+00:00,,,,,8.0,29.0,0.0,0.0
SAM,2026-08-22T19:00:00+00:00,,,,,8.0,29.0,0.0,0.0
SAM,2026-08-22T20:00:00+00:00,,,,,8.0,29.0,0.0,0.0
SAM,2026-08-22T21:00:00+00:00,,,,,8.0,29.0,0.0,0.0
SAM,2026-08-22T22:00:00+00:00,,,,,8.0,29.0,0.0,0.0
SAM,2026-08-22T23:00:00+00:00,,,,,8.0,29.0,0.0,0.0
SAM,2026-08-23T00:00:00+00:00,,,,,8.0,29.0,0.0,0.0
SAM,2026-08-23T01:00:00+00:00,,,,,8.0,29.0,0.0,0.0
SAM,2026-08-23T02:00:00+00:00,,,,,8.0,29.0,0.0,0.0
SAM,2026-08-23T03:00:00+00:00,,,,,8.0,29.0,0.0,0.0
SAM,2026-08-23T04:00:00+00:00,,,,,8.0,29.0,0.0,0.0
SAM,2026-08-23T05:00:00+00:00,,,,,8.0,29.0,0.0,0.0
SAM,2026-08-23T06:00:00+00:00,,,,,8.0,29.0,0.0,0.0
SAM,2026-08-23T07:00:00+00:00,,,,,8.0,29.0,0.0,0.0
SAM,2026-08-23T08:00:00+00:00,,,,,8.0,29.0,0.0,0.0
SAM,2026-08-23T09:00:00+00:00,,,,,8.0,29.0,0.0,0.0
SAM,2026-08-23T10:00:00+00:00,,,,,8.0,29.0,0.0,0.0
SAM,2026-08-23T11:00:00+00:00,,,,,8.0,29.0,0.0,0.0
SAM,2026-08-23T12:00:00+00:00,,,,,8.0,29.0,0.0,0.0
SAM,2026-08-23T13:00:00+00:00,,,,,8.0,29.0,0.0,0.0
SAM,2026-08-23T14:00:00+00:00,,,,,8.0,29.0,0.0,0.0
SAM,2026-08-23T15:00:00+00:00,,,,,7.0,30.0,0.0,0.0
SAM,2026-08-23T16:00:00+00:00,,,,,8.0,29.0,0.0,0.0
SAM,2026-08-23T17:00:00+00:00,,,,,8.0,29.0,0.0,0.0
SAM,2026-08-23T18:00:00+00:00,,,,,8.0,29.0,0.0,0.0
SAM,2026-08-23T19:00:00+00:00,,,,,8.0,29.0,0.0,0.0
SAM,2026-08-23T20:00:00+00:00,,,,,8.0,29.0,0.0,0.0
SAM,2026-08-23T21:00:00+00:00,,,,,7.0,30.0,0.0,0.0
SAM,2026-08-24T04:00:00+00:00,,,,,8.0,29.0,0.0,0.0
SAM,2026-08-24T05:00:00+00:00,,,,,8.0,29.0,0.0,0.0
SAM,2026-08-24T06:00:00+00:00,,,,,8.0,29.0,0.0,0.0
SAM,2026-08-24T07:00:00+00:00,,,,,9.0,28.0,0.0,0.0
SAM,2026-08-24T08:00:00+00:00,,,,,10.0,30.0,0.0,0.0
SAM,2026-08-24T09:00:00+00:00,,,,,7.0,30.0,0.0,0.0
SAM,2026-08-24T11:00:00+00:00,,,,,8.0,29.0,0.0,0.0
SAM,2026-08-24T12:00:00+00:00,,,,,10.0,30.0,0.0,0.0
SAM,2026-08-24T13:00:00+00:00,,,,,9.0,28.0,0.0,0.0
SAM,2026-08-24T14:00:00+00:00,,,,,10.0,30.0,0.0,0.0
SAM,2026-08-24T15:00:00+00:00,,,,,7.0,30.0,0.0,0.0
SAM,2026-08-24T16:00:00+00:00,,,,,9.0,28.0,0.0,0.0
SAM,2026-08-24T17:00:00+00:00,,,,,8.0,29.0,0.0,0.0
SAM,2026-08-24T18:00:00+00:00,,,,,7.0,30.0,0.0,0.0
SAM,2026-08-24T19:00:00+00:00,,,,,8.0,30.0,0.0,0.0
SAM,2026-08-24T20:00:00+00:00,,,,,8.0,30.0,0.0,0.0
SAM,2026-08-25T02:00:00+00:00,8.0,8.0,8.0,8.0,8.0,30.0,3.0,3.0
SAM,2026-08-25T06:00:00+00:00,,,,,8.0,30.0,0.0,3.0
SAM,2026-08-25T09:00:00+00:00,,,,,9.0,29.0,0.0,3.0
SAM,2026-08-25T10:00:00+00:00,,,,,10.0,29.0,0.0,3.0
SAM,2026-08-25T11:00:00+00:00,,,,,9.0,30.0,0.0,3.0
SAM,2026-08-25T13:00:00+00:00,,,,,10.0,29.0,0.0,3.0
SAM,2026-08-25T14:00:00+00:00,,,,,11.0,29.0,0.0,3.0
SAM,2026-08-25T15:00:00+00:00,29.0,29.0,29.0,29.0,12.0,29.0,3.28,6.28
SAM,2026-08-25T16:00:00+00:00,,,,,10.0,29.0,0.0,6.28
SAM,2026-08-25T17:00:00+00:00,,,,,10.0,30.0,0.0,6.28
SAM,2026-08-25T18:00:00+00:00,,,,,8.0,30.0,0.0,6.28
SAM,2026-08-25T23:00:00+00:00,,,,,8.0,30.0,0.0,6.28
SAM,2026-08-26T06:00:00+00:00,,,,,8.0,30.0,0.0,6.28
SAM,2026-08-26T07:00:00+00:00,,,,,9.0,30.0,0.0,6.28
SAM,2026-08-26T18:00:00+00:00,,,,,7.0,30.0,0.0,6.28
SAM,2026-08-26T20:00:00+00:00,,,,,7.0,28.0,0.0,6.28
SAM,2026-08-26T21:00:00+00:00,,,,,7.0,26.0,0.0,6.28
SAM,2026-08-26T22:00:00+00:00,,,,,7.0,26.0,0.0,6.28
SAM,2026-08-26T23:00:00+00:00,,,,,7.0,24.0,0.0,6.28
SAM,2026-08-27T00:00:00+00:00,,,,,7.0,24.0,0.0,6.28
SAM,2026-08-27T03:00:00+00:00,,,,,7.0,22.0,0.0,6.28
SAM,2026-08-27T04:00:00+00:00,,,,,7.0,22.0,0.0,6.28
SAM,2026-08-27T05:00:00+00:00,,,,,7.0,20.0,0.0,6.28
SAM,2026-08-27T06:00:00+00:00,,,,,7.0,20.0,0.0,6.28
SAM,2026-08-27T07:00:00+00:00,,,,,7.0,30.0,0.0,6.28
SAM,2026-08-27T10:00:00+00:00,,,,,7.0,19.0,0.0,6.28
SAM,2026-08-27T11:00:00+00:00,,,,,7.0,19.0,0.0,6.28
SAM,2026-08-27T12:00:00+00:00,,,,,7.0,19.0,0.0,6.28
SAM,2026-08-27T13:00:00+00:00,,,,,7.0,19.0,0.0,6.28
SAM,2026-08-27T14:00:00+00:00,,,,,7.0,19.0,0.0,6.28
SAM,2026-08-27T15:00:00+00:00,,,,,7.0,19.0,0.0,6.28
SAM,2026-08-27T16:00:00+00:00,,,,,7.0,19.0,0.0,6.28
SAM,2026-08-27T17:00:00+00:00,,,,,7.0,19.0,0.0,6.28
SAM,2026-08-27T18:00:00+00:00,,,,,7.0,19.0,0.0,6.28
SAM,2026-08-27T19:00:00+00:00,,,,,7.0,30.0,0.0,6.28
SAM,2026-08-27T20:00:00+00:00,,,,,7.0,26.0,0.0,6.28
SAM,2026-08-27T21:00:00+00:00,25.0,25.0,25.0,25.0,8.0,24.0,3.0,6.28
SAM,2026-08-27T22:00:00+00:00,,,,,7.0,25.0,0.0,6.28
SAM,2026-08-27T23:00:00+00:00,,,,,7.0,24.0,0.0,6.28
SAM,2026-08-28T00:00:00+00:00,,,,,7.0,25.0,0.0,6.28
SAM,2026-08-28T01:00:00+00:00,,,,,8.0,23.0,0.0,6.28
SAM,2026-08-28T02:00:00+00:00,,,,,7.0,23.0,0.0,6.28
SAM,2026-08-28T03:00:00+00:00,,,,,7.0,21.0,0.0,6.28
SAM,2026-08-28T04:00:00+00:00,,,,,7.0,19.0,0.0,6.28
SAM,2026-08-28T05:00:00+00:00,,,,,7.0,17.0,0.0,6.28
SAM,2026-08-28T06:00:00+00:00,,,,,7.0,16.0,0.0,6.28
SAM,2026-08-28T07:00:00+00:00,,,,,7.0,12.0,0.0,6.28
SAM,2026-08-28T08:00:00+00:00,,,,,7.0,11.0,0.0,6.28
SAM,2026-08-28T10:00:00+00:00,,,,,7.0,10.0,0.0,6.28
SAM,2026-08-28T14:00:00+00:00,,,,,7.0,10.0,0.0,6.28
SAM,2026-08-28T15:00:00+00:00,,,,,7.0,19.0,0.0,6.28
SAM,2026-08-28T20:00:00+00:00,,,,,7.0,19.0,0.0,6.28
SAM,2026-08-28T22:00:00+00:00,,,,,15.0,29.0,0.0,6.28
SAM,2026-08-28T23:00:00+00:00,,,,,11.0,30.0,0.0,6.28
SAM,2026-08-29T00:00:00+00:00,,,,,11.0,29.0,0.0,6.28
SAM,2026-08-29T01:00:00+00:00,,,,,10.0,29.0,0.0,6.28
SAM,2026-08-29T02:00:00+00:00,,,,,10.0,29.0,0.0,6.28
SAM,2026-08-29T04:00:00+00:00,,,,,13.0,23.0,0.0,6.28
SAM,2026-08-29T05:00:00+00:00,,,,,13.0,29.0,0.0,6.28
SAM,2026-08-29T06:00:00+00:00,,,,,14.0,29.0,0.0,6.28
SAM,2026-08-29T07:00:00+00:00,,,,,11.0,29.0,0.0,6.28
SAM,2026-08-29T08:00:00+00:00,,,,,11.0,29.0,0.0,6.28
SAM,2026-08-29T09:00:00+00:00,,,,,12.0,29.0,0.0,6.28
SAM,2026-08-29T10:00:00+00:00,,,,,10.0,29.0,0.0,6.28
SAM,2026-08-29T11:00:00+00:00,,,,,10.0,29.0,0.0,6.28
SAM,2026-08-29T12:00:00+00:00,,,,,10.0,29.0,0.0,6.28
SAM,2026-08-29T14:00:00+00:00,29.0,29.0,29.0,29.0,10.0,29.0,0.32,6.6
SAM,2026-08-29T15:00:00+00:00,,,,,10.0,29.0,0.0,6.6
SAM,2026-08-29T16:00:00+00:00,29.0,35.0,35.0,29.0,10.0,35.0,27.73,34.33
SAM,2026-08-29T18:00:00+00:00,,,,,10.0,35.0,0.0,34.33
SAM,2026-08-29T19:00:00+00:00,,,,,12.0,35.0,0.0,34.33
SAM,2026-08-29T20:00:00+00:00,,,,,13.0,35.0,0.0,34.33
SAM,2026-08-29T21:00:00+00:00,,,,,15.0,35.0,0.0,34.33
SAM,2026-08-29T22:00:00+00:00,,,,,17.0,35.0,0.0,34.33
SAM,2026-08-29T23:00:00+00:00,,,,,16.0,35.0,0.0,34.33
SAM,2026-08-30T00:00:00+00:00,35.0,35.0,35.0,35.0,17.0,35.0,29.73,64.06
SAM,2026-08-30T01:00:00+00:00,,,,,9.0,29.0,0.0,64.06
SAM,2026-08-30T02:00:00+00:00,,,,,10.0,34.0,0.0,64.06
SAM,2026-08-30T03:00:00+00:00,,,,,10.0,34.0,0.0,64.06
SAM,2026-08-30T04:00:00+00:00,34.0,34.0,34.0,34.0,8.0,33.0,6.32,67.38
SAM,2026-08-30T05:00:00+00:00,,,,,12.0,25.0,0.0,67.38
SAM,2026-08-30T06:00:00+00:00,22.0,24.0,36.0,22.0,11.0,23.0,50.8,118.18
SAM,2026-08-30T07:00:00+00:00,,,,,11.0,22.0,0.0,118.18
SAM,2026-08-30T08:00:00+00:00,22.0,22.0,22.0,22.0,11.0,22.0,1.0,119.18
SAM,2026-08-30T09:00:00+00:00,,,,,10.0,19.0,0.0,119.18
SAM,2026-08-30T10:00:00+00:00,,,,,10.0,17.0,0.0,119.18
SAM,2026-08-30T11:00:00+00:00,17.0,30.0,30.0,17.0,11.0,28.0,3.6,122.78
SAM,2026-08-30T13:00:00+00:00,,,,,11.0,28.0,0.0,122.78
SAM,2026-08-30T15:00:00+00:00,,,,,10.0,28.0,0.0,122.78
SAM,2026-08-30T16:00:00+00:00,,,,,11.0,17.0,0.0,122.78
SAM,2026-08-30T17:00:00+00:00,17.0,21.0,21.0,17.0,12.0,24.0,24.04,146.82
SAM,2026-08-30T18:00:00+00:00,17.0,22.0,22.0,17.0,11.0,18.0,21.0,167.82
SAM,2026-08-30T19:00:00+00:00,16.0,29.0,29.0,16.0,11.0,16.0,73.0,240.82
SAM,2026-08-30T20:00:00+00:00,16.0,25.0,25.0,16.0,11.0,18.0,2.89,243.71
SAM,2026-08-30T21:00:00+00:00,18.0,13.0,18.0,13.0,11.0,13.0,21.55,265.26
SAM,2026-08-30T22:00:00+00:00,13.0,13.0,13.0,7.0,8.0,13.0,111.95,327.86
SAM,2026-08-30T23:00:00+00:00,13.0,13.0,13.0,13.0,8.0,13.0,5.0,332.86
SAM,2026-08-31T00:00:00+00:00,13.0,9.0,13.0,8.0,8.0,10.0,139.95,432.81
SAM,2026-08-31T01:00:00+00:00,9.0,9.0,9.0,9.0,8.0,9.0,200.0,632.81
SAM,2026-08-31T02:00:00+00:00,13.0,13.0,14.0,13.0,10.0,26.0,51.07,682.81
SAM,2026-08-31T03:00:00+00:00,21.0,22.0,22.0,21.0,12.0,25.0,17.24,699.05
SAM,2026-08-31T04:00:00+00:00,,,,,12.0,29.0,0.0,699.05
SAM,2026-08-31T05:00:00+00:00,29.0,29.0,29.0,29.0,13.0,30.0,26.28,725.33
SAM,2026-08-31T06:00:00+00:00,,,,,14.0,30.0,0.0,725.33
SAM,2026-08-31T07:00:00+00:00,,,,,16.0,30.0,0.0,725.33
SAM,2026-08-31T08:00:00+00:00,16.0,15.0,16.0,15.0,11.0,15.0,128.0,679.81
SAM,2026-08-31T09:00:00+00:00,13.0,13.0,13.0,13.0,10.0,14.0,5.0,684.81
SAM,2026-08-31T10:00:00+00:00,13.0,13.0,13.0,13.0,10.0,14.0,29.0,713.81
SAM,2026-08-31T11:00:00+00:00,13.0,13.0,13.0,13.0,11.0,15.0,2.0,715.81
SAM,2026-08-31T12:00:00+00:00,14.0,15.0,15.0,14.0,11.0,15.0,44.5,722.81
SAM,2026-08-31T13:00:00+00:00,15.0,17.0,17.0,15.0,11.0,18.0,108.84,797.15
SAM,2026-08-31T14:00:00+00:00,18.0,19.0,19.0,18.0,11.0,18.0,60.84,857.99
SAM,2026-08-31T15:00:00+00:00,18.0,18.0,18.0,18.0,11.0,18.0,5.25,863.24
SAM,2026-08-31T16:00:00+00:00,18.0,19.0,19.0,18.0,11.0,20.0,39.9,903.14
SAM,2026-08-31T17:00:00+00:00,,,,,11.0,22.0,0.0,903.14
SAM,2026-08-31T18:00:00+00:00,,,,,14.0,22.0,0.0,903.14
SAM,2026-08-31T19:00:00+00:00,22.0,22.0,22.0,22.0,14.0,22.0,21.55,924.69
SAM,2026-08-31T20:00:00+00:00,22.0,22.0,22.0,22.0,14.0,22.0,8.62,933.31
SAM,2026-08-31T21:00:00+00:00,22.0,22.0,22.0,22.0,14.0,22.0,12.93,946.24
SAM,2026-08-31T22:00:00+00:00,17.0,22.0,22.0,16.0,13.0,22.0,90.2,1032.44
SAM,2026-08-31T23:00:00+00:00,,,,,15.0,20.0,0.0,1032.44
SAM,2026-09-01T00:00:00+00:00,13.0,5.0,13.0,5.0,5.0,7.0,2332.64,3336.33
SAM,2026-09-01T01:00:00+00:00,6.0,6.0,7.0,6.0,5.0,6.0,3028.41,6322.74
SAM,2026-09-01T02:00:00+00:00,6.0,6.0,6.0,6.0,5.0,6.0,193.16,6514.9
SAM,2026-09-01T03:00:00+00:00,6.0,6.0,6.0,6.0,5.0,6.0,78.18,6549.58
SAM,2026-09-01T04:00:00+00:00,6.0,6.0,6.0,6.0,5.0,6.0,168.74,6718.32
SIU,2026-08-18T16:00:00+00:00,,,,,5.0,95.0,0.0,0.0
SIU,2026-08-18T17:00:00+00:00,,,,,7.0,93.0,0.0,0.0
SIU,2026-08-18T22:00:00+00:00,,,,,7.0,90.0,0.0,0.0
SIU,2026-08-19T00:00:00+00:00,,,,,7.0,90.0,0.0,0.0
SIU,2026-08-19T02:00:00+00:00,,,,,7.0,90.0,0.0,0.0
SIU,2026-08-19T18:00:00+00:00,,,,,70.0,90.0,0.0,0.0
SIU,2026-08-19T21:00:00+00:00,,,,,70.0,90.0,0.0,0.0
SIU,2026-08-20T02:00:00+00:00,,,,,70.0,90.0,0.0,0.0
SIU,2026-08-20T23:00:00+00:00,,,,,70.0,90.0,0.0,0.0
SIU,2026-08-21T18:00:00+00:00,,,,,70.0,90.0,0.0,0.0
SIU,2026-08-22T22:00:00+00:00,,,,,70.0,90.0,0.0,0.0
SIU,2026-08-23T00:00:00+00:00,,,,,70.0,90.0,0.0,0.0
SIU,2026-08-24T07:00:00+00:00,,,,,71.0,90.0,0.0,0.0
SIU,2026-08-24T08:00:00+00:00,,,,,72.0,90.0,0.0,0.0
SIU,2026-08-24T09:00:00+00:00,,,,,71.0,89.0,0.0,0.0
SIU,2026-08-24T10:00:00+00:00,,,,,70.0,89.0,0.0,0.0
SIU,2026-08-24T11:00:00+00:00,,,,,71.0,89.0,0.0,0.0
SIU,2026-08-24T12:00:00+00:00,,,,,72.0,89.0,0.0,0.0
SIU,2026-08-24T13:00:00+00:00,,,,,71.0,89.0,0.0,0.0
SIU,2026-08-24T14:00:00+00:00,,,,,72.0,89.0,0.0,0.0
SIU,2026-08-24T15:00:00+00:00,,,,,70.0,86.0,0.0,0.0
SIU,2026-08-24T16:00:00+00:00,,,,,71.0,87.0,0.0,0.0
SIU,2026-08-24T17:00:00+00:00,,,,,70.0,87.0,0.0,0.0
SIU,2026-08-24T18:00:00+00:00,,,,,70.0,90.0,0.0,0.0
SIU,2026-08-24T19:00:00+00:00,,,,,70.0,90.0,0.0,0.0
SIU,2026-08-24T20:00:00+00:00,,,,,70.0,90.0,0.0,0.0
SIU,2026-08-25T02:00:00+00:00,90.0,90.0,90.0,90.0,70.0,90.0,3.0,3.0
SIU,2026-08-25T03:00:00+00:00,,,,,70.0,90.0,0.0,3.0
SIU,2026-08-25T04:00:00+00:00,,,,,70.0,90.0,0.0,3.0
SIU,2026-08-25T05:00:00+00:00,,,,,70.0,90.0,0.0,3.0
SIU,2026-08-25T07:00:00+00:00,,,,,70.0,90.0,0.0,3.0
SIU,2026-08-25T08:00:00+00:00,,,,,70.0,90.0,0.0,3.0
SIU,2026-08-25T09:00:00+00:00,,,,,70.0,90.0,0.0,3.0
SIU,2026-08-25T10:00:00+00:00,,,,,70.0,90.0,0.0,3.0
SIU,2026-08-25T11:00:00+00:00,,,,,70.0,90.0,0.0,3.0
SIU,2026-08-25T13:00:00+00:00,,,,,70.0,90.0,0.0,3.0
SIU,2026-08-25T14:00:00+00:00,,,,,70.0,88.0,0.0,3.0
SIU,2026-08-25T15:00:00+00:00,,,,,70.0,89.0,0.0,3.0
SIU,2026-08-25T16:00:00+00:00,70.0,65.0,70.0,65.0,66.0,89.0,3.28,6.28
SIU,2026-08-25T17:00:00+00:00,,,,,66.0,89.0,0.0,6.28
SIU,2026-08-25T18:00:00+00:00,,,,,66.0,90.0,0.0,6.28
SIU,2026-08-25T21:00:00+00:00,,,,,66.0,90.0,0.0,6.28
SIU,2026-08-25T22:00:00+00:00,,,,,66.0,90.0,0.0,6.28
SIU,2026-08-25T23:00:00+00:00,,,,,66.0,90.0,0.0,6.28
SIU,2026-08-26T00:00:00+00:00,,,,,66.0,90.0,0.0,6.28
SIU,2026-08-26T01:00:00+00:00,,,,,66.0,90.0,0.0,6.28
SIU,2026-08-26T02:00:00+00:00,,,,,66.0,90.0,0.0,6.28
SIU,2026-08-26T03:00:00+00:00,,,,,66.0,90.0,0.0,6.28
SIU,2026-08-26T06:00:00+00:00,,,,,66.0,90.0,0.0,6.28
SIU,2026-08-26T07:00:00+00:00,,,,,66.0,90.0,0.0,6.28
SIU,2026-08-26T08:00:00+00:00,,,,,66.0,90.0,0.0,6.28
SIU,2026-08-26T09:00:00+00:00,,,,,66.0,90.0,0.0,6.28
SIU,2026-08-26T12:00:00+00:00,,,,,66.0,90.0,0.0,6.28
SIU,2026-08-26T17:00:00+00:00,,,,,66.0,90.0,0.0,6.28
SIU,2026-08-26T18:00:00+00:00,90.0,90.0,90.0,90.0,69.0,93.0,447.0,453.28
SIU,2026-08-26T19:00:00+00:00,,,,,71.0,93.0,0.0,453.28
SIU,2026-08-26T20:00:00+00:00,,,,,74.0,93.0,0.0,453.28
SIU,2026-08-26T21:00:00+00:00,,,,,76.0,93.0,0.0,453.28
SIU,2026-08-26T22:00:00+00:00,,,,,75.0,93.0,0.0,453.28
SIU,2026-08-26T23:00:00+00:00,,,,,78.0,93.0,0.0,453.28
SIU,2026-08-27T00:00:00+00:00,,,,,79.0,93.0,0.0,453.28
SIU,2026-08-27T01:00:00+00:00,,,,,78.0,93.0,0.0,453.28
SIU,2026-08-27T03:00:00+00:00,,,,,80.0,93.0,0.0,453.28
SIU,2026-08-27T04:00:00+00:00,,,,,81.0,93.0,0.0,453.28
SIU,2026-08-27T05:00:00+00:00,,,,,82.0,93.0,0.0,453.28
SIU,2026-08-27T06:00:00+00:00,,,,,82.0,93.0,0.0,453.28
SIU,2026-08-27T08:00:00+00:00,,,,,82.0,93.0,0.0,453.28
SIU,2026-08-27T10:00:00+00:00,,,,,82.0,93.0,0.0,453.28
SIU,2026-08-27T11:00:00+00:00,,,,,82.0,93.0,0.0,453.28
SIU,2026-08-27T15:00:00+00:00,,,,,82.0,93.0,0.0,453.28
SIU,2026-08-27T16:00:00+00:00,,,,,82.0,93.0,0.0,453.28
SIU,2026-08-27T17:00:00+00:00,,,,,82.0,93.0,0.0,453.28
SIU,2026-08-27T19:00:00+00:00,,,,,72.0,93.0,0.0,453.28
SIU,2026-08-27T20:00:00+00:00,,,,,76.0,93.0,0.0,453.28
SIU,2026-08-27T21:00:00+00:00,77.0,77.0,77.0,77.0,77.0,92.0,3.0,456.28
SIU,2026-08-27T22:00:00+00:00,,,,,77.0,93.0,0.0,456.28
SIU,2026-08-27T23:00:00+00:00,,,,,77.0,93.0,0.0,456.28
SIU,2026-08-28T00:00:00+00:00,,,,,77.0,93.0,0.0,456.28
SIU,2026-08-28T01:00:00+00:00,,,,,78.0,92.0,0.0,456.28
SIU,2026-08-28T02:00:00+00:00,,,,,78.0,93.0,0.0,456.28
SIU,2026-08-28T03:00:00+00:00,,,,,80.0,93.0,0.0,456.28
SIU,2026-08-28T04:00:00+00:00,,,,,82.0,93.0,0.0,456.28
SIU,2026-08-28T05:00:00+00:00,,,,,84.0,93.0,0.0,456.28
SIU,2026-08-28T06:00:00+00:00,,,,,86.0,93.0,0.0,456.28
SIU,2026-08-28T07:00:00+00:00,,,,,88.0,93.0,0.0,456.28
SIU,2026-08-28T08:00:00+00:00,,,,,89.0,93.0,0.0,456.28
SIU,2026-08-28T10:00:00+00:00,,,,,90.0,93.0,0.0,456.28
SIU,2026-08-28T14:00:00+00:00,,,,,90.0,93.0,0.0,456.28
SIU,2026-08-28T15:00:00+00:00,,,,,89.0,93.0,0.0,456.28
SIU,2026-08-28T22:00:00+00:00,89.0,89.0,89.0,89.0,71.0,84.0,250.0,456.28
SIU,2026-08-28T23:00:00+00:00,,,,,66.0,87.0,0.0,456.28
SIU,2026-08-29T00:00:00+00:00,,,,,70.0,87.0,0.0,456.28
SIU,2026-08-29T01:00:00+00:00,,,,,70.0,89.0,0.0,456.28
SIU,2026-08-29T02:00:00+00:00,,,,,70.0,89.0,0.0,456.28
SIU,2026-08-29T04:00:00+00:00,,,,,76.0,87.0,0.0,456.28
SIU,2026-08-29T05:00:00+00:00,,,,,66.0,85.0,0.0,456.28
SIU,2026-08-29T06:00:00+00:00,,,,,70.0,84.0,0.0,456.28
SIU,2026-08-29T07:00:00+00:00,,,,,70.0,88.0,0.0,456.28
SIU,2026-08-29T08:00:00+00:00,,,,,70.0,87.0,0.0,456.28
SIU,2026-08-29T09:00:00+00:00,,,,,70.0,86.0,0.0,456.28
SIU,2026-08-29T10:00:00+00:00,,,,,70.0,89.0,0.0,456.28
SIU,2026-08-29T11:00:00+00:00,,,,,70.0,89.0,0.0,456.28
SIU,2026-08-29T12:00:00+00:00,,,,,70.0,89.0,0.0,456.28
SIU,2026-08-29T13:00:00+00:00,89.0,89.0,89.0,89.0,70.0,89.0,1.0,457.28
SIU,2026-08-29T14:00:00+00:00,,,,,66.0,89.0,0.0,457.28
SIU,2026-08-29T15:00:00+00:00,,,,,66.0,89.0,0.0,457.28
SIU,2026-08-29T16:00:00+00:00,66.0,65.0,66.0,65.0,65.0,89.0,13.68,470.96
SIU,2026-08-29T17:00:00+00:00,,,,,65.0,89.0,0.0,470.96
SIU,2026-08-29T18:00:00+00:00,,,,,65.0,89.0,0.0,470.96
SIU,2026-08-29T19:00:00+00:00,,,,,66.0,86.0,0.0,470.96
SIU,2026-08-29T20:00:00+00:00,,,,,66.0,84.0,0.0,470.96
SIU,2026-08-29T21:00:00+00:00,,,,,65.0,83.0,0.0,470.96
SIU,2026-08-29T22:00:00+00:00,,,,,65.0,82.0,0.0,470.96
SIU,2026-08-30T00:00:00+00:00,77.0,77.0,77.0,77.0,66.0,78.0,1.0,471.96
SIU,2026-08-30T01:00:00+00:00,75.0,80.0,80.0,75.0,74.0,89.0,6.23,477.19
SIU,2026-08-30T02:00:00+00:00,,,,,75.0,87.0,0.0,477.19
SIU,2026-08-30T03:00:00+00:00,87.0,88.0,88.0,87.0,77.0,88.0,11.3,488.49
SIU,2026-08-30T04:00:00+00:00,73.0,73.0,74.0,73.0,76.0,90.0,6.32,485.49
SIU,2026-08-30T05:00:00+00:00,,,,,79.0,88.0,0.0,485.49
SIU,2026-08-30T06:00:00+00:00,79.0,79.0,79.0,79.0,78.0,89.0,1.38,485.49
SIU,2026-08-30T07:00:00+00:00,89.0,89.0,89.0,89.0,80.0,89.0,9.51,495.0
SIU,2026-08-30T08:00:00+00:00,80.0,80.0,80.0,80.0,81.0,89.0,1.0,495.08
SIU,2026-08-30T09:00:00+00:00,,,,,83.0,89.0,0.0,495.08
SIU,2026-08-30T10:00:00+00:00,,,,,85.0,89.0,0.0,495.08
SIU,2026-08-30T11:00:00+00:00,85.0,85.0,85.0,85.0,84.0,89.0,1.0,496.08
SIU,2026-08-30T13:00:00+00:00,89.0,89.0,89.0,89.0,84.0,89.0,5.57,501.65
SIU,2026-08-30T15:00:00+00:00,89.0,89.0,89.0,89.0,84.0,90.0,7.8,509.45
SIU,2026-08-30T16:00:00+00:00,89.0,89.0,89.0,89.0,85.0,88.0,2.78,512.23
SIU,2026-08-30T17:00:00+00:00,88.0,85.0,89.0,84.0,84.0,88.0,119.45,623.69
SIU,2026-08-30T18:00:00+00:00,88.0,86.0,89.0,86.0,86.0,89.0,10.17,630.4
SIU,2026-08-30T19:00:00+00:00,90.0,85.0,90.0,85.0,86.0,90.0,11.52,635.91
SIU,2026-08-30T20:00:00+00:00,86.0,86.0,86.0,86.0,85.0,90.0,2.84,635.91
SIU,2026-08-30T21:00:00+00:00,85.0,90.0,90.0,85.0,88.0,90.0,7.49,636.35
SIU,2026-08-30T22:00:00+00:00,,,,,88.0,90.0,0.0,636.35
SIU,2026-08-30T23:00:00+00:00,90.0,90.0,90.0,90.0,88.0,90.0,1.1,637.45
SIU,2026-08-31T00:00:00+00:00,90.0,90.0,90.0,90.0,89.0,90.0,21.0,638.45
SIU,2026-08-31T01:00:00+00:00,,,,,89.0,90.0,0.0,638.45
SIU,2026-08-31T02:00:00+00:00,88.0,88.0,88.0,88.0,75.0,90.0,47.0,638.45
SIU,2026-08-31T03:00:00+00:00,90.0,88.0,90.0,88.0,75.0,88.0,0.32,638.77
SIU,2026-08-31T04:00:00+00:00,87.0,74.0,87.0,74.0,74.0,88.0,5.61,638.77
SIU,2026-08-31T05:00:00+00:00,,,,,69.0,86.0,0.0,638.77
SIU,2026-08-31T06:00:00+00:00,,,,,70.0,86.0,0.0,638.77
SIU,2026-08-31T07:00:00+00:00,85.0,85.0,85.0,85.0,71.0,84.0,251.0,638.77
SIU,2026-08-31T08:00:00+00:00,83.0,83.0,83.0,83.0,83.0,89.0,75.0,710.77
SIU,2026-08-31T09:00:00+00:00,89.0,89.0,89.0,89.0,83.0,89.0,2.23,713.0
SIU,2026-08-31T10:00:00+00:00,,,,,84.0,89.0,0.0,713.0
SIU,2026-08-31T11:00:00+00:00,,,,,83.0,90.0,0.0,713.0
SIU,2026-08-31T12:00:00+00:00,,,,,83.0,90.0,0.0,713.0
SIU,2026-08-31T13:00:00+00:00,,,,,83.0,90.0,0.0,713.0
SIU,2026-08-31T14:00:00+00:00,90.0,90.0,90.0,90.0,83.0,90.0,2.2,715.2
SIU,2026-08-31T15:00:00+00:00,,,,,83.0,90.0,0.0,715.2
SIU,2026-08-31T16:00:00+00:00,83.0,83.0,83.0,83.0,80.0,90.0,24.9,715.2
SIU,2026-08-31T17:00:00+00:00,88.0,88.0,90.0,88.0,78.0,90.0,47.02,762.22
SIU,2026-08-31T18:00:00+00:00,,,,,77.0,88.0,0.0,762.22
SIU,2026-08-31T19:00:00+00:00,89.0,89.0,89.0,89.0,78.0,88.0,5.57,767.79
SIU,2026-08-31T20:00:00+00:00,,,,,78.0,87.0,0.0,767.79
SIU,2026-08-31T21:00:00+00:00,88.0,87.0,88.0,87.0,79.0,87.0,13.26,781.05
SIU,2026-08-31T22:00:00+00:00,85.0,85.0,85.0,85.0,79.0,87.0,4.0,785.05
SIU,2026-08-31T23:00:00+00:00,87.0,87.0,87.0,87.0,82.0,85.0,0.56,785.61
SIU,2026-09-01T00:00:00+00:00,86.0,94.0,94.0,86.0,93.0,95.0,11028.84,11185.91
SIU,2026-09-01T01:00:00+00:00,94.0,94.0,94.0,94.0,94.0,95.0,0.31,11185.91
SIU,2026-09-01T02:00:00+00:00,94.0,94.0,94.0,94.0,94.0,95.0,250.0,11435.91
SIU,2026-09-01T03:00:00+00:00,,,,,94.0,95.0,0.0,11435.91
SIU,2026-09-01T04:00:00+00:00,95.0,95.0,95.0,95.0,94.0,95.0,1.94,11437.85
