market_side,timestamp_utc,price_yes_cents,price_no_cents,volume,taker_side,trade_id
SAM,2026-08-25T01:35:00.342848Z,8.0,92.0,1.0,no,0720ef69-cb51-b06d-5713-d50e1a9fa0f3
SAM,2026-08-25T01:38:34.708949Z,8.0,92.0,1.0,no,0720ef16-db91-a7f5-26ec-208c13ffac8f
SAM,2026-08-25T01:45:30.315173Z,8.0,92.0,1.0,no,0720ef30-3791-9361-b3ca-46c2497d820b
SAM,2026-08-25T14:56:03.123777Z,29.0,71.0,3.28,yes,0720dcc8-8671-ad71-38bb-3e31221efcc1
SAM,2026-08-27T20:46:20.109492Z,25.0,75.0,3.0,yes,07215710-9e81-8bfa-bf27-6c565055b720
SAM,2026-08-29T13:01:35.926835Z,29.0,71.0,0.32,yes,07217dce-9de9-b45a-089d-6e519edf8f9d
SAM,2026-08-29T15:33:35.420987Z,35.0,65.0,20.05,yes,ebd7c857-b699-bf0b-94ee-834a44fbac76
SAM,2026-08-29T15:33:35.420987Z,30.0,70.0,1.0,yes,bd2ef9d2-a1b0-bb21-8995-cf3271583fb3
SAM,2026-08-29T15:33:35.420987Z,33.0,67.0,1.0,yes,838196ec-61fb-b906-8004-23c322b0aca2
SAM,2026-08-29T15:33:35.420987Z,34.0,66.0,5.0,yes,072175e9-75b9-8f6c-b072-f7050a51d160
SAM,2026-08-29T15:33:35.420987Z,29.0,71.0,0.68,yes,07217321-c1e9-82aa-a4f5-6c2b95fe92a1
SAM,2026-08-29T23:15:17.748876Z,35.0,65.0,27.0,yes,ebd7cff0-7ad9-bef3-aea9-50e68de8c322
SAM,2026-08-29T23:52:16.713336Z,35.0,65.0,2.73,yes,ebd7cf09-8af9-b287-df54-7f73e86da81a
SAM,2026-08-30T03:38:57.107423Z,34.0,66.0,0.7,yes,07211241-a681-b42c-778d-af1f831c783e
SAM,2026-08-30T03:53:38.958781Z,34.0,66.0,5.62,yes,072113f8-5049-af84-10db-51d18c6e481e
SAM,2026-08-30T05:26:34.09133Z,22.0,78.0,1.07,yes,0721158d-7311-b42d-105d-0020e4dcbe9a
SAM,2026-08-30T05:30:04.758229Z,35.0,65.0,14.22,yes,ebd7b45c-f979-a417-2c94-de8072034336
SAM,2026-08-30T05:30:04.758229Z,36.0,64.0,34.13,yes,bbaa7428-d14b-a683-3da8-74efcd307b1d
SAM,2026-08-30T05:30:04.758229Z,23.0,77.0,1.0,yes,072115b0-8d19-9b46-3eb3-3961a58056fd
SAM,2026-08-30T05:46:17.723298Z,24.0,76.0,0.38,yes,072115e2-ca81-9ea1-2f66-43ba67dd6a23
SAM,2026-08-30T07:25:39.238203Z,22.0,78.0,1.0,yes,07211748-8e09-bf9b-484a-c9be1de986d4
SAM,2026-08-30T10:08:54.890989Z,30.0,70.0,2.6,yes,80c07a57-99c0-8fdb-bfac-2890d530778c
SAM,2026-08-30T10:08:54.890989Z,17.0,83.0,1.0,yes,07211a8a-7e51-beaa-93b3-63fa9f394f48
SAM,2026-08-30T16:37:15.973301Z,21.0,79.0,9.74,yes,07211d6c-1b79-9dcf-516b-4e6b5f94da1d
SAM,2026-08-30T16:37:15.973301Z,17.0,83.0,2.0,yes,07211d59-bf99-901a-5dc8-a15ce78f9814
SAM,2026-08-30T16:37:15.973301Z,17.0,83.0,2.66,yes,07211d59-abd1-940d-4fbb-04d0cd109f4f
SAM,2026-08-30T16:50:17.12385Z,17.0,83.0,3.33,yes,07211dc1-7819-b2c0-a788-2515b9f31a3a
SAM,2026-08-30T16:50:17.12385Z,21.0,79.0,6.31,yes,07211d1d-d639-b53f-b5e8-4fcd09ca6355
SAM,2026-08-30T17:58:17.071549Z,22.0,78.0,17.54,yes,07211cf4-a961-b346-21f4-1f7cf30c671b
SAM,2026-08-30T17:58:17.071549Z,17.0,83.0,3.46,yes,07211ced-7e91-bab5-1993-6b2e6c987fca
SAM,2026-08-30T18:46:41.215164Z,21.0,79.0,50.46,yes,07211c46-6a61-abb2-5ca9-54b6da1a6673
SAM,2026-08-30T18:46:41.215164Z,29.0,71.0,16.53,yes,07211c2f-5e21-af87-6a31-d80237857139
SAM,2026-08-30T18:46:41.215164Z,16.0,84.0,3.01,yes,07211c2f-5e21-a76c-7d3f-7052e8ae6021
SAM,2026-08-30T18:46:41.215164Z,16.0,84.0,3.0,yes,07211c2f-5e21-a521-672c-8e5294af740a
SAM,2026-08-30T19:16:46.448889Z,16.0,84.0,2.84,yes,07210469-4e61-ab58-776d-3d7c54c99023
SAM,2026-08-30T19:16:46.448889Z,25.0,75.0,0.05,yes,07210397-8e91-add7-5535-0afed3a7c764
SAM,2026-08-30T20:05:30.894825Z,18.0,82.0,1.05,yes,0721053a-0f91-b4ec-f039-443f347f6f4e
SAM,2026-08-30T20:07:42.614261Z,18.0,82.0,6.0,yes,07210502-7911-b558-bd04-9ca9bd22b2a6
SAM,2026-08-30T20:42:58.517891Z,13.0,87.0,7.25,yes,072105ed-9ef1-ac37-ce61-48a269863ec0
SAM,2026-08-30T20:44:12.479074Z,13.0,87.0,7.25,yes,072105e0-1a31-bd83-4d91-81e156e34c68
SAM,2026-08-30T21:00:43.949818Z,13.0,87.0,3.62,yes,072105ac-9e51-aa3f-c38a-25766ab4e774
SAM,2026-08-30T21:12:34.961743Z,13.0,87.0,20.0,yes,07210658-38f1-ba5b-4341-306bb396a1b8
SAM,2026-08-30T21:18:50.289936Z,13.0,87.0,11.0,yes,07210661-25f1-82eb-c7f9-0d0014f44254
SAM,2026-08-30T21:21:17.444707Z,13.0,87.0,7.25,yes,07210678-2c91-b7bb-8164-baee90973868
SAM,2026-08-30T21:39:34.389737Z,7.0,93.0,14.35,no,ad387470-00d3-90a7-c635-43b361518e43
SAM,2026-08-30T21:39:34.389737Z,11.0,89.0,35.0,no,072101d9-55b9-ac52-eabb-0eb82a0edbb5
SAM,2026-08-30T21:41:51.124371Z,13.0,87.0,20.73,yes,07210635-fbd1-ab97-b0a1-ff331e9afc24
SAM,2026-08-30T22:17:21.942414Z,13.0,87.0,5.0,yes,072106b7-fa11-8b43-ff5e-086bc4e65dc0
SAM,2026-08-30T23:22:02.602668Z,13.0,87.0,7.25,yes,072107a2-19f1-bb57-64ea-8bcc70746580
SAM,2026-08-30T23:42:56.556023Z,8.0,92.0,1.0,no,072100ec-9c99-bf8a-5ae5-bc9f4037772b
SAM,2026-08-30T23:48:21.969687Z,9.0,91.0,20.0,no,07210145-d621-b078-91bc-dd869fb997f7
SAM,2026-08-30T23:56:16.095665Z,13.0,87.0,7.25,yes,07210021-bbb1-9df7-dd7c-f6aef84e9e58
SAM,2026-08-30T23:58:09.745973Z,9.0,91.0,104.45,yes,07210175-8ca1-84ea-29ba-b760a74cdfa7
SAM,2026-08-31T00:58:56.914566Z,9.0,91.0,200.0,yes,0721001f-6cd9-8926-bedb-972a7541f1d6
SAM,2026-08-31T01:52:11.845093Z,13.0,87.0,47.0,yes,0721036e-7311-8310-03ed-7080b076fb9e
SAM,2026-08-31T01:52:30.935518Z,13.0,87.0,3.0,no,07210396-2839-adeb-8fb8-f26a3465e87c
SAM,2026-08-31T01:52:30.935518Z,14.0,86.0,1.07,no,07210396-2421-ac25-90da-f3318b6e9898
SAM,2026-08-31T02:47:37.86921Z,21.0,79.0,1.0,yes,0721037d-0679-96e1-b0d9-363c1a84edd6
SAM,2026-08-31T02:47:37.86921Z,22.0,78.0,16.24,yes,07210350-0f09-94b0-aaa5-22781f015b9a
SAM,2026-08-31T04:01:52.502878Z,29.0,71.0,26.28,yes,0721021d-0a11-8718-759a-1853eedf4db0
SAM,2026-08-31T07:11:05.152833Z,16.0,84.0,1.0,no,07210c00-dab1-a955-d12f-e6f272c1e0b0
SAM,2026-08-31T07:11:52.058232Z,15.0,85.0,3.0,no,07210c05-fd11-88d1-a00c-074c71cb07e0
SAM,2026-08-31T07:11:52.058232Z,15.0,85.0,100.0,no,07210c00-cbe9-8a65-981a-3d3b6dee48e3
SAM,2026-08-31T07:11:52.093614Z,15.0,85.0,24.0,yes,07210c0d-09c1-ac17-3761-7caf5a0dcd89
SAM,2026-08-31T08:23:47.256901Z,13.0,87.0,1.0,yes,07210d41-c7a1-a7bd-f3b7-c8c457300252
SAM,2026-08-31T08:24:27.873001Z,13.0,87.0,1.0,yes,07210d46-b749-927e-a3b5-bc513e6f3326
SAM,2026-08-31T08:25:33.187729Z,13.0,87.0,1.0,yes,07210d5d-ff51-b4df-8e1b-ea0b8530f624
SAM,2026-08-31T08:27:28.432912Z,13.0,87.0,1.0,yes,07210d56-d399-958c-63d7-ac47a80f52db
SAM,2026-08-31T08:28:57.512504Z,13.0,87.0,1.0,yes,07210d51-c189-8a91-8ba2-3740f0dd3759
SAM,2026-08-31T09:01:56.591225Z,13.0,87.0,1.0,yes,07210b3a-dd39-bebd-490f-2aa1355da04e
SAM,2026-08-31T09:05:10.296047Z,13.0,87.0,1.0,yes,07210b52-48b1-a90c-e9d5-5b74cf0821f3
SAM,2026-08-31T09:06:59.794814Z,13.0,87.0,1.0,yes,07210b5b-fbd9-b36e-d104-c7dc0feeec40
SAM,2026-08-31T09:09:04.521916Z,13.0,87.0,1.0,yes,07210b45-3b49-9d4f-18bc-bd748f50030e
SAM,2026-08-31T09:13:56.406143Z,13.0,87.0,1.0,yes,07210b7b-8d91-b206-53ac-893b28305b1f
SAM,2026-08-31T09:14:43.458568Z,13.0,87.0,1.0,yes,07210b7c-b299-adb0-cb5f-8978263fbbc1
SAM,2026-08-31T09:16:29.03979Z,13.0,87.0,1.0,yes,07210b76-b041-9c48-f718-c5f9fc35c2dd
SAM,2026-08-31T09:17:24.261497Z,13.0,87.0,1.0,yes,07210b74-5c19-9a32-6bb7-55232fc52a5e
SAM,2026-08-31T09:17:24.992044Z,13.0,87.0,1.0,yes,07210b74-5c19-960a-d546-7c7f71b380d6
SAM,2026-08-31T09:18:53.18098Z,13.0,87.0,1.0,yes,07210b68-2091-b523-26e8-04056c8d12f4
SAM,2026-08-31T09:18:53.775792Z,13.0,87.0,1.0,yes,07210b68-2091-95c7-36fe-e157ac6a73c4
SAM,2026-08-31T09:20:15.449383Z,13.0,87.0,1.0,yes,07210b64-bef9-a890-859c-f14dece5546f
SAM,2026-08-31T09:25:04.938245Z,13.0,87.0,1.0,yes,07210ba9-2381-a73a-2ea7-73db44d15a53
SAM,2026-08-31T09:26:51.287279Z,13.0,87.0,1.0,yes,07210bb6-3579-80d6-c76a-a9492a0488de
SAM,2026-08-31T09:26:52.190934Z,13.0,87.0,1.0,yes,07210bb6-0519-9496-659d-940333929aca
SAM,2026-08-31T09:28:12.826473Z,13.0,87.0,1.0,yes,07210bb2-9c61-b0fd-040a-4f4034983e31
SAM,2026-08-31T09:29:56.299404Z,13.0,87.0,1.0,yes,07210bba-fe19-9210-1fa0-8991ba00b96d
SAM,2026-08-31T09:29:56.9421Z,13.0,87.0,1.0,yes,07210bba-fe19-88a8-6a01-13d55cd10d35
SAM,2026-08-31T09:30:56.402404Z,13.0,87.0,1.0,yes,07210b89-4be9-b124-05ee-7734cf1857c5
SAM,2026-08-31T09:32:14.152774Z,13.0,87.0,1.0,yes,07210b8f-9589-b231-d8ad-0d8ba55020d4
SAM,2026-08-31T09:33:01.335487Z,13.0,87.0,1.0,yes,07210b82-c231-9160-1fa5-84b142479d4c
SAM,2026-08-31T09:36:03.24526Z,13.0,87.0,1.0,yes,07210b98-fed1-88ae-f329-191437a9af86
SAM,2026-08-31T09:37:31.074106Z,13.0,87.0,1.0,yes,07210b97-3a71-934e-ce24-2715ab7f2724
SAM,2026-08-31T09:41:18.674546Z,13.0,87.0,1.0,yes,07210bf6-9af1-a13f-e11b-d4708dcd6aa3
SAM,2026-08-31T09:42:45.986305Z,13.0,87.0,1.0,yes,07210bff-be29-8ea8-bb14-ed623fa986ff
SAM,2026-08-31T09:44:27.341279Z,13.0,87.0,1.0,yes,07210be6-ac29-9d33-cd9a-3ec38201c936
SAM,2026-08-31T09:50:52.963514Z,13.0,87.0,1.0,yes,07210bd0-d929-8d69-3e58-e4866a090532
SAM,2026-08-31T09:50:53.583153Z,13.0,87.0,1.0,yes,07210bd0-e989-bc39-4e8e-5541cbc95132
SAM,2026-08-31T09:51:37.027673Z,13.0,87.0,1.0,yes,07210bd6-2429-b57c-6fd8-73997ed3e13f
SAM,2026-08-31T10:00:10.321158Z,13.0,87.0,1.0,yes,07210a4f-7469-b896-6ccc-ce8a41161909
SAM,2026-08-31T10:02:06.006859Z,13.0,87.0,1.0,yes,07210a50-60e9-a9b2-9f90-6c8126984dd1
SAM,2026-08-31T11:56:11.119564Z,14.0,86.0,7.0,yes,07210918-1589-9c4e-e1c4-e7f001d41cf4
SAM,2026-08-31T11:56:11.119564Z,15.0,85.0,37.5,yes,0721081c-3f21-90bb-c6a8-8d32baa3f615
SAM,2026-08-31T12:58:53.367899Z,15.0,85.0,34.5,yes,07210933-d9e1-a02f-8523-20f1d263e5b5
SAM,2026-08-31T12:58:53.367899Z,17.0,83.0,74.34,yes,07210848-2b69-a916-a5ab-f0ffe3a9a414
SAM,2026-08-31T13:22:56.385539Z,18.0,82.0,5.25,yes,07210804-8039-9e00-0f3e-eae7a1cd0f26
SAM,2026-08-31T13:28:49.908711Z,18.0,82.0,5.25,yes,07213809-1f71-b1cf-6fb0-32f90d96ca68
SAM,2026-08-31T13:59:39.724892Z,18.0,82.0,11.0,yes,07213867-6511-8a4a-d544-66bf282c1182
SAM,2026-08-31T13:59:39.724892Z,19.0,81.0,39.34,yes,0721378e-f4f9-89aa-f92f-fc4e9a2a00c7
SAM,2026-08-31T14:06:58.056435Z,18.0,82.0,5.0,yes,072138b0-5821-a9f6-3e92-113770433ec2
SAM,2026-08-31T14:06:58.056435Z,18.0,82.0,0.25,yes,072138b0-2959-aeff-01bd-3ed182771277
SAM,2026-08-31T15:26:58.113486Z,18.0,82.0,15.0,yes,072139df-c071-927c-0773-0cb46681235d
SAM,2026-08-31T15:40:59.512618Z,19.0,81.0,24.9,yes,072139cd-6409-919c-a796-c8dbdf69e912
SAM,2026-08-31T18:29:07.053803Z,22.0,78.0,21.55,yes,80c05691-46e0-87f3-1204-495d4dd7e588
SAM,2026-08-31T19:19:53.350504Z,22.0,78.0,8.62,yes,80c057cb-6ca0-9c07-55dc-6385207e4c20
SAM,2026-08-31T20:28:09.774048Z,22.0,78.0,4.31,yes,80c054cd-6ca0-a2f3-75ed-a01d154ef784
SAM,2026-08-31T20:56:56.4301Z,22.0,78.0,8.62,yes,80c054b4-f500-8b83-819f-f05d40bc05a8
SAM,2026-08-31T21:08:45.395289Z,17.0,83.0,2.0,no,07213f3a-8c39-9369-2f16-ca513b35a858
SAM,2026-08-31T21:08:45.400247Z,16.0,84.0,2.0,no,07213f3a-f011-a293-1c2f-b1786a8253a1
SAM,2026-08-31T21:43:27.032297Z,22.0,78.0,43.1,yes,80c055de-9260-9d1b-d816-b55995fe6ab8
SAM,2026-08-31T21:54:20.049008Z,22.0,78.0,43.1,yes,80c05586-c980-aa43-9621-a569f931003c
SAM,2026-08-31T23:53:46.247754Z,10.0,90.0,30.0,no,07213d58-4e99-8ddd-713e-fe3829bdef79
SAM,2026-08-31T23:53:46.247754Z,12.0,88.0,35.0,no,072132e0-7139-89b9-7b43-cac46e1727ab
SAM,2026-08-31T23:53:46.247754Z,13.0,87.0,4.0,no,072132e0-7139-8616-72fa-b6f72e160ab0
SAM,2026-08-31T23:53:46.247754Z,13.0,87.0,31.0,no,072132e0-7139-82da-5eff-a3edcb1b2153
SAM,2026-08-31T23:53:46.247754Z,10.0,90.0,900.0,no,072131c6-d2c9-85d8-67bf-40eacb2455ca
SAM,2026-08-31T23:53:46.247754Z,11.0,89.0,300.0,no,072131c6-d2c9-84fc-6b2c-11aa2c2289b1
SAM,2026-08-31T23:53:46.247754Z,12.0,88.0,100.0,no,072131c6-d2c9-82fe-5396-6ff1cd22796a
SAM,2026-08-31T23:53:46.247754Z,10.0,90.0,20.0,no,0721310d-1b01-831d-5746-246cc6c2ee34
SAM,2026-08-31T23:55:55.511078Z,9.0,91.0,90.0,no,07213ca1-a939-b7cb-3b02-1f1f95bdc43a
SAM,2026-08-31T23:55:55.511078Z,9.0,91.0,55.0,no,0721333f-2a79-bf31-337a-0b7ee74dbaee
SAM,2026-08-31T23:56:28.276725Z,8.0,92.0,270.0,no,07213ca3-ad59-97bd-d1a7-7305bbe9bc0c
SAM,2026-08-31T23:56:28.276725Z,8.0,92.0,25.0,no,0721333d-6151-98c6-fd79-c7f0cfe34787
SAM,2026-08-31T23:56:38.973835Z,8.0,92.0,125.0,no,07213343-ee69-8c11-f544-0698165cdbc0
SAM,2026-08-31T23:56:38.973835Z,8.0,92.0,58.99,no,07213343-e251-83af-cd20-a67cbf21a0e0
SAM,2026-08-31T23:56:45.003703Z,7.0,93.0,285.65,no,ad384f00-3e33-b097-bc31-919a2d79529f
SAM,2026-08-31T23:58:45.55264Z,6.0,94.0,1.0,no,07213349-2d59-8b40-7aeb-187d2c885a57
SAM,2026-08-31T23:58:45.863586Z,6.0,94.0,1.0,no,07213349-2d59-9510-bdf9-d57ad850dc8b
SAM,2026-08-31T23:58:46.560931Z,5.0,95.0,1.0,no,3992638e-878d-b760-7eb8-b841847022f0
SAM,2026-09-01T00:00:28.829753Z,6.0,94.0,1.0,no,07213355-c0f9-aecf-5d56-1c95aaf5c710
SAM,2026-09-01T00:00:29.074817Z,6.0,94.0,1.0,no,07213355-d059-993f-eea5-3138ef6b014c
SAM,2026-09-01T00:00:29.508435Z,6.0,94.0,1.0,no,07213355-d059-8b9b-19ac-427fd8c02d2c
SAM,2026-09-01T00:00:29.926532Z,6.0,94.0,1.0,no,07213355-d059-b1bb-7c38-3f0d28151128
SAM,2026-09-01T00:00:31.387671Z,6.0,94.0,1.0,no,07213355-b119-a49f-390b-1a58edd5f9b8
SAM,2026-09-01T00:00:31.937885Z,6.0,94.0,1.0,no,07213355-b119-a1c7-3116-501a014b0058
SAM,2026-09-01T00:00:32.4251Z,6.0,94.0,1.0,no,07213355-8179-b85f-e0ac-aead9200aafc
SAM,2026-09-01T00:00:32.93776Z,6.0,94.0,1.0,no,07213355-8179-8d7b-6b8e-8ebb80f09f64
SAM,2026-09-01T00:00:34.563491Z,6.0,94.0,1.0,no,07213356-6639-891f-9000-6fae08dd0ce8
SAM,2026-09-01T00:00:34.943545Z,6.0,94.0,1.0,no,07213356-6639-848f-2bf0-6256c01f248c
SAM,2026-09-01T00:00:35.554934Z,6.0,94.0,1.0,no,07213356-7799-81eb-9b11-b5ec02a01038
SAM,2026-09-01T00:00:36.578671Z,6.0,94.0,1.0,no,07213356-47f9-8c1b-af16-619ab5dae500
SAM,2026-09-01T00:00:37.17461Z,6.0,94.0,1.0,no,07213356-5759-8bdb-58d7-3625109f235c
SAM,2026-09-01T00:00:38.158959Z,6.0,94.0,1.0,no,07213356-24b9-ae47-6c8b-ea1a43762870
SAM,2026-09-01T00:00:39.10962Z,6.0,94.0,1.0,no,07213356-3419-995f-b905-4c584879ce74
SAM,2026-09-01T00:00:39.6553Z,6.0,94.0,1.0,no,07213356-3419-b19f-7a6e-c67671eb4d6c
SAM,2026-09-01T00:00:40.003651Z,6.0,94.0,1.0,no,07213356-0479-8ac3-f422-31ca6103a654
SAM,2026-09-01T00:00:40.79513Z,6.0,94.0,1.0,no,07213356-0479-b0a7-2b6b-9cdacb3a30ac
SAM,2026-09-01T00:00:41.433089Z,6.0,94.0,1.0,no,07213356-15d9-ac07-acad-21ff3eb4f098
SAM,2026-09-01T00:00:42.017664Z,6.0,94.0,1.0,no,07213356-e539-a42b-6351-65bbcb5357a8
SAM,2026-09-01T00:00:42.320381Z,6.0,94.0,1.0,no,07213356-e539-a92b-72a0-81e2445f568c
SAM,2026-09-01T00:00:43.010718Z,6.0,94.0,1.0,no,07213356-ea99-8a5f-4bf6-27fc8740b9e4
SAM,2026-09-01T00:00:43.533425Z,6.0,94.0,1.0,no,07213356-ea99-a173-6138-24a7f0dc39b8
SAM,2026-09-01T00:00:43.791024Z,6.0,94.0,1.0,no,07213356-ea99-999f-d6e2-8db0a978544c
SAM,2026-09-01T00:00:44.599176Z,6.0,94.0,1.0,no,07213356-faf9-999f-b7b1-082a8959c6e8
SAM,2026-09-01T00:00:45.172478Z,6.0,94.0,1.0,no,07213356-ca59-bbbb-78b9-dde5fe1af530
SAM,2026-09-01T00:00:45.703173Z,6.0,94.0,1.0,no,07213356-ca59-9c97-0e68-2c8345ab4c20
SAM,2026-09-01T00:00:46.552625Z,6.0,94.0,1.0,no,07213356-dbb9-ac43-8516-391f026f8348
SAM,2026-09-01T00:00:46.872247Z,6.0,94.0,1.0,no,07213356-dbb9-9b7f-79ab-a669ee6b7404
SAM,2026-09-01T00:00:49.8077Z,6.0,94.0,1.0,no,07213356-88d9-a037-62d1-b6706548edf0
SAM,2026-09-01T00:00:50.38446Z,6.0,94.0,1.0,no,07213356-9839-a573-a343-8ee16f10bd94
SAM,2026-09-01T00:00:50.937304Z,6.0,94.0,1.0,no,07213356-9839-ab57-9090-485bea3fd38c
SAM,2026-09-01T00:00:51.439291Z,6.0,94.0,1.0,no,07213357-6999-8387-070c-fc0734d170fc
SAM,2026-09-01T00:00:51.99034Z,6.0,94.0,1.0,no,07213357-6999-bf83-53fa-88524f413490
SAM,2026-09-01T00:00:52.673911Z,6.0,94.0,1.0,no,07213357-79f9-872f-c39d-7ca08d72565c
SAM,2026-09-01T00:00:53.205312Z,6.0,94.0,1.0,no,07213357-4959-82eb-25b3-c1fc11ef3b08
SAM,2026-09-01T00:00:53.835963Z,6.0,94.0,1.0,no,07213357-4959-8173-7fac-4d966c68f398
SAM,2026-09-01T00:00:54.107726Z,6.0,94.0,1.0,no,07213357-5eb9-a4f3-a67c-b7dd1258056c
SAM,2026-09-01T00:00:55.120393Z,6.0,94.0,1.0,no,07213357-2e19-aa97-eec2-f976f19b95dc
SAM,2026-09-01T00:00:55.620689Z,6.0,94.0,1.0,no,07213357-2e19-9f53-d6b5-da83ce88ae20
SAM,2026-09-01T00:00:55.962271Z,6.0,94.0,1.0,no,07213357-2e19-8233-bc75-cf86ca1f66c8
SAM,2026-09-01T00:00:56.669493Z,6.0,94.0,1.0,no,07213357-3e79-8103-2aa7-79dee105f3cc
SAM,2026-09-01T00:00:56.994235Z,6.0,94.0,1.0,no,07213357-3e79-9cc7-ca30-b8320af8ebf4
SAM,2026-09-01T00:00:57.785731Z,6.0,94.0,1.0,no,07213357-0fd9-b617-60ff-2e9126cdc4ac
SAM,2026-09-01T00:00:58.052059Z,6.0,94.0,1.0,no,07213357-1f39-98f3-cb6c-a731138c04b4
SAM,2026-09-01T00:00:59.606023Z,6.0,94.0,1.0,no,07213357-ec99-8dc7-aae6-60d81b0e59d4
SAM,2026-09-01T00:01:00.144425Z,6.0,94.0,1.0,no,07213357-fcf9-817b-6e12-49874c3f6d04
SAM,2026-09-01T00:01:00.736866Z,6.0,94.0,5.0,no,07213357-fcf9-8b1f-3998-610867a92014
SAM,2026-09-01T00:01:01.735037Z,6.0,94.0,4.0,no,07213357-cc59-b753-3c8c-6540bf783f34
SAM,2026-09-01T00:01:02.024872Z,6.0,94.0,3.0,no,07213357-ddb9-8a33-8b11-2424f7c3274c
SAM,2026-09-01T00:01:02.362865Z,6.0,94.0,1.0,no,07213357-ddb9-889f-2dec-6d81f4fbdcd8
SAM,2026-09-01T00:01:02.839803Z,6.0,94.0,1.0,no,07213357-ddb9-ad3b-3069-0770f7dd037c
SAM,2026-09-01T00:01:03.730063Z,6.0,94.0,1.0,no,07213357-ad19-88db-207a-a76f300fbc14
SAM,2026-09-01T00:01:04.02078Z,6.0,94.0,1.0,no,07213357-bd79-9723-dbca-40b7e05ac104
SAM,2026-09-01T00:01:05.267835Z,6.0,94.0,1.0,no,07213357-82d9-924f-c151-b9201eb60514
SAM,2026-09-01T00:01:05.938955Z,6.0,94.0,1.0,no,07213357-82d9-8f47-cae5-9077dae4c530
SAM,2026-09-01T00:01:06.432072Z,6.0,94.0,1.0,no,07213357-9239-a993-9a64-41b262bf02d4
SAM,2026-09-01T00:01:06.86442Z,6.0,94.0,1.0,no,07213357-9239-a807-680f-e033037e9c90
SAM,2026-09-01T00:01:07.800189Z,6.0,94.0,1.0,no,07213350-6399-a763-4593-57383cceb698
SAM,2026-09-01T00:01:08.204155Z,6.0,94.0,1.0,no,07213350-73f9-ac33-3a05-1cec1a5225c4
SAM,2026-09-01T00:01:08.651305Z,6.0,94.0,1.0,no,07213350-73f9-bcaf-f043-f71a094db9d8
SAM,2026-09-01T00:01:09.823573Z,6.0,94.0,1.0,no,07213350-4359-9ba7-6f5e-32c1fe2adff8
SAM,2026-09-01T00:01:10.240954Z,6.0,94.0,1.0,no,07213350-50b9-a787-4353-c7138731c6f4
SAM,2026-09-01T00:01:10.764291Z,6.0,94.0,1.0,no,07213350-50b9-b19f-45e1-27113d4d7fcc
SAM,2026-09-01T00:01:11.36623Z,6.0,94.0,1.0,no,07213350-2019-bcdf-25a8-61e1d3c7c498
SAM,2026-09-01T00:01:11.736202Z,6.0,94.0,1.0,no,07213350-2019-8c87-dc76-c4d82e287abc
SAM,2026-09-01T00:01:12.031321Z,6.0,94.0,1.0,no,07213350-3079-9663-5757-3dd7183a2d0c
SAM,2026-09-01T00:01:12.862927Z,6.0,94.0,1.0,no,07213350-3079-bd0f-4bde-e431c5ee160c
SAM,2026-09-01T00:01:13.331825Z,6.0,94.0,1.0,no,07213350-01d9-9587-6db4-bc8fd3b5be30
SAM,2026-09-01T00:01:13.883997Z,6.0,94.0,1.0,no,07213350-01d9-90a7-368e-5fdc341c3918
SAM,2026-09-01T00:01:14.177015Z,6.0,94.0,1.0,no,07213350-1139-8d43-a997-62867536b070
SAM,2026-09-01T00:01:14.523753Z,6.0,94.0,1.0,no,07213350-1139-b32b-1879-d271f8fd6124
SAM,2026-09-01T00:01:15.753111Z,6.0,94.0,1.0,no,07213350-e699-9ef7-e384-8c2e1c6a259c
SAM,2026-09-01T00:01:16.245372Z,6.0,94.0,1.0,no,07213350-f6f9-806f-3687-5dcb244fa210
SAM,2026-09-01T00:01:16.942455Z,6.0,94.0,1.0,no,07213350-f6f9-8bc3-3aee-05afce54bf68
SAM,2026-09-01T00:01:17.264165Z,6.0,94.0,1.0,no,07213350-c659-9497-8c96-2290165436d8
SAM,2026-09-01T00:01:17.853649Z,6.0,94.0,1.0,no,07213350-c659-b4c7-c0c5-5fe882c416d0
SAM,2026-09-01T00:01:18.145122Z,6.0,94.0,1.0,no,07213350-d7b9-86d3-1b5c-74c0454235cc
SAM,2026-09-01T00:01:19.142774Z,6.0,94.0,1.0,no,07213350-a719-a9df-26f7-01a4b0171dac
SAM,2026-09-01T00:01:19.424261Z,6.0,94.0,1.0,no,07213350-a719-932b-01c9-e5f4624d0afc
SAM,2026-09-01T00:01:20.170312Z,6.0,94.0,1.0,no,07213350-b779-82cb-5e5a-484cde734910
SAM,2026-09-01T00:01:20.455705Z,6.0,94.0,1.0,no,07213350-b779-95e3-359f-4d046010dd5c
SAM,2026-09-01T00:01:20.976999Z,6.0,94.0,1.0,no,07213350-b779-9437-0e25-eccbda3bba5c
SAM,2026-09-01T00:01:21.465833Z,6.0,94.0,1.0,no,07213350-84d9-a2b7-f90e-af5307cb0ecc
SAM,2026-09-01T00:01:22.186215Z,6.0,94.0,1.0,no,07213350-9439-b8ff-45fa-17b7eb1ad5e8
SAM,2026-09-01T00:01:22.571248Z,6.0,94.0,1.0,no,07213350-9439-aa7f-1479-7c71272d1aac
SAM,2026-09-01T00:01:26.873176Z,6.0,94.0,1.0,no,07213351-4ab9-a423-e976-f8f5a4be1848
SAM,2026-09-01T00:01:27.413488Z,6.0,94.0,1.0,no,07213351-5a19-8e9b-e463-0de1b3f6a5e4
SAM,2026-09-01T00:01:27.918448Z,6.0,94.0,1.0,no,07213351-5a19-a91b-27d6-617a05d2ce28
SAM,2026-09-01T00:01:28.647278Z,6.0,94.0,1.0,no,07213351-2a79-800f-5a60-47ccd7bb265c
SAM,2026-09-01T00:01:28.947003Z,6.0,94.0,1.0,no,07213351-2a79-bf77-0d8a-0e54419b6bdc
SAM,2026-09-01T00:01:29.338052Z,6.0,94.0,1.0,no,07213351-3bd9-be57-68b6-b0b7cf4ad584
SAM,2026-09-01T00:01:29.944828Z,6.0,94.0,1.0,no,07213351-3bd9-bd9f-ced1-b731f0a1f858
SAM,2026-09-01T00:01:30.407667Z,6.0,94.0,1.0,no,07213351-0b39-ab0b-17a3-066b1c7eb4a8
SAM,2026-09-01T00:01:30.906832Z,6.0,94.0,1.0,no,07213351-0b39-8a17-e657-f0c0d33090a8
SAM,2026-09-01T00:01:31.390072Z,6.0,94.0,1.0,no,07213351-1899-a02f-51e4-703ac47bfac8
SAM,2026-09-01T00:01:31.877371Z,6.0,94.0,1.0,no,07213351-1899-85b7-972a-0c181746fdc4
SAM,2026-09-01T00:01:32.349987Z,6.0,94.0,1.0,no,07213351-e8f9-b873-2f69-2737d812e0f8
SAM,2026-09-01T00:01:32.679285Z,6.0,94.0,1.0,no,07213351-e8f9-934f-3d6a-d43d3da4bbcc
SAM,2026-09-01T00:01:33.141921Z,6.0,94.0,1.0,no,07213351-f859-b167-a41e-e3fbcc6b92f8
SAM,2026-09-01T00:01:33.434955Z,6.0,94.0,1.0,no,07213351-f859-8823-0aac-dfa21adc735c
SAM,2026-09-01T00:01:34.233298Z,6.0,94.0,1.0,no,07213351-c9b9-8933-f674-e5ab4d820124
SAM,2026-09-01T00:01:34.493959Z,6.0,94.0,1.0,no,07213351-c9b9-be0f-c829-3557e5b71dd4
SAM,2026-09-01T00:01:35.046118Z,6.0,94.0,1.0,no,07213351-d919-8827-9af7-e10dcda35a10
SAM,2026-09-01T00:01:35.552752Z,6.0,94.0,1.0,no,07213351-d919-9ce7-5f7f-2784bb28a670
SAM,2026-09-01T00:01:36.464382Z,6.0,94.0,1.0,no,07213351-a979-898b-2add-18bbc429f5b0
SAM,2026-09-01T00:01:37.527446Z,6.0,94.0,1.0,no,07213351-bed9-9d9f-a8c9-27cf71845aa4
SAM,2026-09-01T00:01:38.044031Z,6.0,94.0,1.0,no,07213351-8e39-a38f-16bc-695031c15b0c
SAM,2026-09-01T00:01:38.846239Z,6.0,94.0,1.0,no,07213351-8e39-aafb-c250-a318d7f6649c
SAM,2026-09-01T00:01:39.312242Z,6.0,94.0,1.0,no,07213351-9f99-b037-758c-983ae2246afc
SAM,2026-09-01T00:01:40.341575Z,6.0,94.0,1.0,no,07213352-6ff9-acd7-1dd4-61b4bef177b4
SAM,2026-09-01T00:01:40.614444Z,6.0,94.0,1.0,no,07213352-6ff9-9513-5c1c-a54f72da03fc
SAM,2026-09-01T00:01:41.376413Z,6.0,94.0,1.0,no,07213352-7f59-aa27-979a-3af3dc53a99c
SAM,2026-09-01T00:01:42.351465Z,6.0,94.0,1.0,no,07213352-4cb9-bb5b-ead5-1e2944fd0728
SAM,2026-09-01T00:01:42.658036Z,6.0,94.0,1.0,no,07213352-4cb9-ae2f-f6e0-13613e23e240
SAM,2026-09-01T00:01:43.362255Z,6.0,94.0,1.0,no,07213352-5c19-9f63-e5a3-18edffb8beb8
SAM,2026-09-01T00:02:21.408932Z,7.0,93.0,13.41,yes,0721335a-e6b1-93a6-3a9b-bfb06b520c5a
SAM,2026-09-01T00:12:08.138892Z,6.0,94.0,213.0,yes,07213376-4569-93c2-a4b1-7b0ac1c447bd
SAM,2026-09-01T00:12:08.138892Z,6.0,94.0,6.0,yes,07213375-dd11-9858-9c4d-33033dc37805
SAM,2026-09-01T00:12:08.138892Z,6.0,94.0,23.0,yes,07213375-dd11-93fa-8013-f452e1002020
SAM,2026-09-01T00:12:08.138892Z,6.0,94.0,100.0,yes,07213375-d2c9-94fb-aa0b-c16380991587
SAM,2026-09-01T00:12:08.138892Z,6.0,94.0,58.0,yes,07213370-4d51-9a14-abbe-bc5fd4e0eac0
SAM,2026-09-01T00:33:58.718859Z,6.0,94.0,150.0,yes,072133c3-4869-8052-dcc7-93dd6a2e66fe
SAM,2026-09-01T00:44:30.490396Z,6.0,94.0,50.0,yes,072133fd-fd69-b69a-25fa-f35cf626774a
SAM,2026-09-01T00:44:30.490396Z,6.0,94.0,100.0,yes,072133e1-4949-bb56-2b91-9e15180373c8
SAM,2026-09-01T00:44:30.490396Z,6.0,94.0,609.0,yes,072133d9-1c89-b1ff-194f-a0eb8cc37d2f
SAM,2026-09-01T00:44:30.490396Z,6.0,94.0,1.0,yes,072133d3-0ee9-b225-2eb4-b12c61c83b49
SAM,2026-09-01T00:44:30.490396Z,6.0,94.0,410.0,yes,072133d0-3449-b68e-09b4-fbdd967bb3fe
SAM,2026-09-01T00:53:35.992648Z,6.0,94.0,23.0,yes,072133be-0fe9-8b2c-f257-8e62cd946d4c
SAM,2026-09-01T00:53:35.992648Z,6.0,94.0,384.0,yes,072133b9-e569-8c6c-e618-b36617c8a110
SAM,2026-09-01T00:53:35.992648Z,6.0,94.0,321.0,yes,072133b9-a6c1-8e52-f61a-8107b46381f2
SAM,2026-09-01T00:53:35.992648Z,6.0,94.0,200.0,yes,072133b9-a6c1-8218-c458-fcb76ba5ea7f
SAM,2026-09-01T00:53:35.992648Z,6.0,94.0,100.0,yes,072133a5-7329-832d-d7a7-9c6a74bd0f79
SAM,2026-09-01T00:53:36.155056Z,6.0,94.0,142.0,yes,072133a1-3481-95fa-45ac-624cdd94c491
SAM,2026-09-01T01:02:12.733719Z,6.0,94.0,55.16,yes,0721338a-1ec9-b48c-78c4-67bd3f783ca6
SAM,2026-09-01T01:02:12.733719Z,6.0,94.0,23.0,yes,07213386-b601-bc6a-7a13-bd582007f7bd
SAM,2026-09-01T01:06:13.243184Z,6.0,94.0,7.16,yes,0721307f-3149-bf59-c802-0fd94f35049d
SAM,2026-09-01T01:06:13.243184Z,6.0,94.0,23.0,yes,0721307f-3149-b71d-ed58-b51589658fee
SAM,2026-09-01T01:06:13.243184Z,6.0,94.0,44.84,yes,0721307b-c869-bb7c-e722-0ff1912636a2
SAM,2026-09-01T01:06:19.130918Z,6.0,94.0,39.0,yes,0721307f-9489-bc61-897a-ddcb6d5fe56d
SAM,2026-09-01T01:42:25.661861Z,6.0,94.0,1.0,yes,072130c3-a0d9-9854-debf-eab65e88725a
SAM,2026-09-01T02:38:22.04648Z,6.0,94.0,50.0,yes,072131fa-0531-bfe5-2c20-9ffc3ac81f2f
SAM,2026-09-01T02:38:22.04648Z,6.0,94.0,28.18,yes,072131ed-84c9-b48a-3789-2aa3cd0520ff
SAM,2026-09-01T03:55:20.340579Z,6.0,94.0,12.37,yes,072136a3-2b69-ae3f-2005-c66b916b793c
SAM,2026-09-01T03:56:48.380308Z,6.0,94.0,156.37,yes,072136bd-ca69-889b-e1dc-6956f21c6500
SAM,2026-09-01T04:39:09.070552Z,6.0,94.0,15.63,yes,072137da-ce11-ba77-2fb1-0599a839c887
SIU,2026-08-25T01:35:00.361356Z,90.0,10.0,1.0,yes,bfdb5b3a-b4e0-8066-fe54-343fbed583d9
SIU,2026-08-25T01:38:34.729045Z,90.0,10.0,1.0,yes,bfdb5b45-a420-92ee-3328-f365830448a5
SIU,2026-08-25T01:45:30.332254Z,90.0,10.0,1.0,yes,bfdb5b63-4820-8cbe-b5c5-8e8066e5cee1
SIU,2026-08-25T15:50:04.723225Z,65.0,35.0,1.28,no,e89c5511-3cbf-b440-25b7-dd999b1bf2ee
SIU,2026-08-25T15:50:04.723225Z,70.0,30.0,1.0,no,9fe24c49-1277-b08b-06b1-801cfe9f66ca
SIU,2026-08-25T15:50:04.723225Z,67.0,33.0,1.0,no,5dd311c9-8796-bef7-30f4-c6f33b408cc3
SIU,2026-08-26T17:30:38.733862Z,90.0,10.0,197.0,yes,bfdb7d7d-aaa0-a5c2-07df-e9aa9d676f45
SIU,2026-08-26T17:30:38.733862Z,90.0,10.0,250.0,yes,0720c164-5751-9824-26a5-657a398719b3
SIU,2026-08-27T20:46:20.121396Z,77.0,23.0,3.0,no,07215710-9e81-8914-b2d8-7f66ea1539dc
SIU,2026-08-28T21:13:34.439001Z,89.0,11.0,250.0,no,07216f59-dbe9-85ce-e69f-9c7fab2dd293
SIU,2026-08-29T12:29:50.158586Z,89.0,11.0,1.0,yes,07217fc4-ea51-8328-e84a-c2c5e6741417
SIU,2026-08-29T15:52:35.536247Z,65.0,35.0,12.68,no,e89d8b80-35df-9ec0-5dbe-fc0504c06f6e
SIU,2026-08-29T15:52:35.536247Z,66.0,34.0,1.0,no,07217578-8039-a9a5-4288-8c259da7a4d8
SIU,2026-08-29T23:57:13.874925Z,77.0,23.0,1.0,yes,07217022-e9f1-80dd-cbfd-2f6d2225c3db
SIU,2026-08-30T00:00:29.562635Z,75.0,25.0,1.0,yes,07217029-7089-acaa-2de5-f6550a8d3581
SIU,2026-08-30T00:04:27.229044Z,77.0,23.0,1.0,yes,07217016-0d19-bcee-a341-b33e069664d7
SIU,2026-08-30T00:07:59.410513Z,77.0,23.0,1.0,yes,07217004-df79-9430-f355-c9c153f4fdb8
SIU,2026-08-30T00:11:42.105691Z,77.0,23.0,1.0,yes,07211006-12f1-a6b3-984b-6363e44a7055
SIU,2026-08-30T00:12:39.620758Z,77.0,23.0,1.0,yes,07211009-b791-a07a-2b6a-ab66311a7088
SIU,2026-08-30T00:47:18.516342Z,80.0,20.0,1.23,yes,07210f78-5859-871e-40b7-7452b26d38dc
SIU,2026-08-30T02:21:51.075081Z,87.0,13.0,4.0,yes,0721119c-6731-8af6-5f8f-3e1b97c89119
SIU,2026-08-30T02:21:51.075081Z,88.0,12.0,7.3,yes,07211187-85a1-8f2d-6055-5b3bc216fbb5
SIU,2026-08-30T03:38:57.129293Z,73.0,27.0,0.7,no,07211241-4541-ae37-882e-97731f08a93d
SIU,2026-08-30T03:53:38.97386Z,74.0,26.0,1.0,no,072113f9-8e91-9fb8-efce-222a85c1e6b9
SIU,2026-08-30T03:53:38.97386Z,73.0,27.0,4.62,no,072113f8-5db1-9bb7-f84e-a2c5e815e2c2
SIU,2026-08-30T05:30:04.773771Z,79.0,21.0,1.0,no,072115b0-8d19-a72e-6cff-20560c65dc2c
SIU,2026-08-30T05:46:17.743798Z,79.0,21.0,0.38,no,072115e5-0071-ae77-1234-801cb02099de
SIU,2026-08-30T06:21:51.911934Z,89.0,11.0,9.51,yes,07211457-f1a9-9cf5-79a5-1eb90ea7bb36
SIU,2026-08-30T07:25:39.256598Z,80.0,20.0,1.0,no,07211748-83e1-85bb-47e6-2d027352cc17
SIU,2026-08-30T10:08:54.916977Z,85.0,15.0,1.0,no,07211a8a-6601-ae8d-fb2f-560079485f6a
SIU,2026-08-30T12:33:39.232251Z,89.0,11.0,5.57,yes,07211ba1-8329-aae1-a736-4a88c3cab52a
SIU,2026-08-30T14:18:20.056612Z,89.0,11.0,2.23,yes,07211d20-de49-b475-b4a2-10c448511802
SIU,2026-08-30T14:29:41.402671Z,89.0,11.0,5.57,yes,07211d49-71e9-8bfd-82cf-6cd834644456
SIU,2026-08-30T15:44:32.496031Z,89.0,11.0,2.78,yes,07211e22-34e1-972e-01bf-f4de1ac6ee80
SIU,2026-08-30T16:24:32.006055Z,88.0,12.0,2.53,yes,07211e9f-4d51-a547-eb44-c9d65fd1242f
SIU,2026-08-30T16:27:34.027986Z,87.0,13.0,3.33,yes,07211e80-8129-abad-0fc2-1dd878cb9342
SIU,2026-08-30T16:27:34.027986Z,88.0,12.0,100.0,yes,07211e80-8129-aac5-2e5d-14e923764ffb
SIU,2026-08-30T16:37:15.996346Z,85.0,15.0,2.66,no,07211d59-bf99-8b54-ced7-17ad8c46347a
SIU,2026-08-30T16:37:15.999507Z,84.0,16.0,2.0,no,07211d59-bf99-9d85-7b96-59b50b32e038
SIU,2026-08-30T16:39:21.06801Z,88.0,12.0,1.99,yes,07211da0-4e59-abcc-0018-69175b70bb6f
SIU,2026-08-30T16:39:21.06801Z,89.0,11.0,2.27,yes,07211d63-2b29-af32-1c1c-5321e49d8894
SIU,2026-08-30T16:39:21.06801Z,88.0,12.0,1.34,yes,07211d57-a251-a341-156c-ab94b8306152
SIU,2026-08-30T16:50:17.146888Z,85.0,15.0,3.33,no,07211dc1-41e9-af68-f38a-864328d26b17
SIU,2026-08-30T17:11:47.909037Z,89.0,11.0,2.27,yes,07211dd4-7169-aaa2-168d-b309ebbb6284
SIU,2026-08-30T17:11:47.909037Z,88.0,12.0,3.33,yes,07211d0a-15f9-a8ba-14d9-818ddfca0c83
SIU,2026-08-30T17:46:57.345314Z,89.0,11.0,1.11,yes,07211c6b-b829-a286-2f1c-63f5746aa4a4
SIU,2026-08-30T17:58:17.097265Z,86.0,14.0,3.46,no,07211c80-5f39-9233-fb3d-77bdaa4bd619
SIU,2026-08-30T18:23:10.371244Z,90.0,10.0,5.51,yes,07211cc7-b379-99d3-699f-c1bea6337620
SIU,2026-08-30T18:46:41.226818Z,86.0,14.0,3.0,no,07211c2f-5e21-ba38-74c1-a2b216c70970
SIU,2026-08-30T18:46:41.236225Z,85.0,15.0,3.0,no,07211c32-9c39-af8a-6b9c-63f6457575e1
SIU,2026-08-30T18:46:41.236225Z,86.0,14.0,0.01,no,07211c2f-5e21-ae58-5287-0f5e16c875ec
SIU,2026-08-30T19:16:46.47037Z,86.0,14.0,2.84,no,07210396-b3d9-9ac0-fa9f-895d6c3e83be
SIU,2026-08-30T20:05:30.913871Z,85.0,15.0,1.05,no,072102d2-39d9-b926-a068-77605fd5f371
SIU,2026-08-30T20:07:42.641599Z,85.0,15.0,6.0,no,072102ea-4f59-a8e2-5650-2643666de7b5
SIU,2026-08-30T20:33:06.833501Z,90.0,10.0,0.44,yes,072102e3-86f9-9e5f-ec2b-8a8404564ab8
SIU,2026-08-30T22:45:13.412973Z,90.0,10.0,1.1,yes,072107b0-3e39-8f9b-0c4d-209fe488f8aa
SIU,2026-08-30T23:42:39.684925Z,90.0,10.0,1.0,yes,072100e2-6af9-add7-a204-b76d7864101e
SIU,2026-08-30T23:48:21.984911Z,90.0,10.0,20.0,yes,0721009f-4ab9-857f-213f-af9dad15bb7a
SIU,2026-08-31T01:52:11.86922Z,88.0,12.0,1.0,no,0721031f-6551-a130-52b6-bb3dbcf7aead
SIU,2026-08-31T01:52:11.86922Z,88.0,12.0,20.0,no,07210302-04d1-a374-7033-2a15b05525b0
SIU,2026-08-31T01:52:11.86922Z,88.0,12.0,1.0,no,072102c8-2d79-a1a6-520f-5c54b776a213
SIU,2026-08-31T01:52:11.86922Z,88.0,12.0,25.0,no,07210291-2259-aa91-591d-efe8d16f07b4
SIU,2026-08-31T02:24:12.561164Z,90.0,10.0,0.01,yes,072103d2-9a31-8798-740f-645b9fe939ac
SIU,2026-08-31T02:53:21.420881Z,88.0,12.0,0.31,yes,0721034a-3929-8b82-cd79-6054177fafa0
SIU,2026-08-31T03:36:47.271382Z,87.0,13.0,0.01,yes,0721024b-94f1-95ba-8786-c09f23efc915
SIU,2026-08-31T03:47:00.185334Z,74.0,26.0,5.59,no,07210258-e469-9660-264d-fb1c6ccb9351
SIU,2026-08-31T03:47:00.185334Z,75.0,25.0,0.01,no,07210251-e8d1-96b5-114a-31f6334cf828
SIU,2026-08-31T06:01:03.556423Z,85.0,15.0,168.0,yes,07210fc7-c5f9-9f50-afaf-e7760bc56868
SIU,2026-08-31T06:01:03.556423Z,85.0,15.0,83.0,yes,07210fc7-46e1-95da-961e-68366ef59818
SIU,2026-08-31T07:11:52.074455Z,83.0,17.0,48.0,yes,07210c00-cbe9-a4d4-65d2-c8fa09e54599
SIU,2026-08-31T07:11:52.081932Z,83.0,17.0,3.0,yes,07210c00-cbe9-b458-61d2-8efd485a6f51
SIU,2026-08-31T07:11:52.084613Z,83.0,17.0,24.0,yes,07210c00-cbe9-9e00-359a-8bc3ea242acd
SIU,2026-08-31T08:50:31.557437Z,89.0,11.0,2.23,yes,07210aa4-6d61-b7b0-0a35-443fffa9852f
SIU,2026-08-31T13:48:51.435634Z,90.0,10.0,2.2,yes,072135f0-9811-9bb6-4e53-6610eb364763
SIU,2026-08-31T15:40:59.533828Z,83.0,17.0,24.9,no,072136fc-b2c9-8096-00b8-eb54adc1153b
SIU,2026-08-31T16:20:14.571331Z,88.0,12.0,33.0,yes,07213aed-fb19-8a19-921e-ccd7eaea6a5a
SIU,2026-08-31T16:20:14.571331Z,90.0,10.0,11.81,yes,072137dd-7631-8f16-aa09-5eb29512be17
SIU,2026-08-31T16:39:00.03833Z,88.0,12.0,2.21,yes,07213a5f-a219-999e-7c13-f37140498d93
SIU,2026-08-31T18:17:23.971292Z,89.0,11.0,5.57,yes,07213cf6-63e9-8c39-6f4e-a87df0bb7da9
SIU,2026-08-31T20:14:45.033996Z,88.0,12.0,11.26,yes,07213ce3-21d9-b5b5-2a84-f02fee191c2d
SIU,2026-08-31T20:47:49.671715Z,87.0,13.0,2.0,yes,07213fc3-c5d9-bd21-13aa-8019632f9c19
SIU,2026-08-31T21:08:45.38403Z,85.0,15.0,2.0,yes,07213f3a-a131-969f-d4f5-8e9f6065a1c0
SIU,2026-08-31T21:08:45.38403Z,85.0,15.0,2.0,yes,07213f3a-a131-95f2-d98e-3779292d68a4
SIU,2026-08-31T22:48:54.184736Z,87.0,13.0,0.56,yes,07213209-2281-bb90-d92c-784bf051367f
SIU,2026-08-31T23:52:30.098851Z,86.0,14.0,18.0,yes,072132ed-15b9-8f27-2473-a2ef90f1b050
SIU,2026-08-31T23:52:30.098851Z,86.0,14.0,99.0,yes,072132c2-0621-8057-1ad3-9a61a39ce6c3
SIU,2026-08-31T23:52:43.663774Z,88.0,12.0,15.64,yes,072132c8-5199-8990-3055-5ed64abdba17
SIU,2026-08-31T23:52:43.663774Z,86.0,14.0,64.0,yes,072132c3-3d01-83af-3796-c65effb43caf
SIU,2026-08-31T23:54:12.382681Z,90.0,10.0,15.99,yes,07213d5b-fc71-b626-4376-fdd8a759d61f
SIU,2026-08-31T23:54:12.382681Z,90.0,10.0,0.01,yes,07213d1e-96d1-b861-6f94-7555f06f323f
SIU,2026-08-31T23:54:12.382681Z,88.0,12.0,58.36,yes,072132c7-a0f9-bcdc-7b19-ce34d7192677
SIU,2026-08-31T23:54:12.382681Z,89.0,11.0,27.0,yes,072132c4-3329-b6a2-437a-f57b31299d16
SIU,2026-08-31T23:54:12.382681Z,90.0,10.0,38.05,yes,072131c5-7821-baa6-5818-2daeaceadf7c
SIU,2026-08-31T23:54:51.395124Z,89.0,11.0,14.94,yes,072132c3-d3c9-9bfa-c89b-1b5d0c33ba94
SIU,2026-08-31T23:54:51.395124Z,88.0,12.0,50.0,yes,072132c3-d3c9-956a-c71d-c5b824ac6958
SIU,2026-08-31T23:54:51.395124Z,87.0,13.0,39.0,yes,072132c3-c479-982b-f813-c8327d7b9479
SIU,2026-08-31T23:54:51.395124Z,88.0,12.0,9.0,yes,072132c3-afa1-92d7-c2d9-bd15b4ed0d1b
SIU,2026-08-31T23:55:27.224382Z,87.0,13.0,43.0,yes,072132c1-eac1-b416-24fc-dda2e689a7eb
SIU,2026-08-31T23:55:27.224382Z,89.0,11.0,35.06,yes,072132c1-8649-bc82-0aff-05d67a476fd8
SIU,2026-08-31T23:55:27.224382Z,87.0,13.0,11.0,yes,072132c0-2631-b102-201d-f3a3a55159de
SIU,2026-08-31T23:55:27.224382Z,87.0,13.0,29.0,yes,072132c0-12f9-b5a4-0564-e77b2f02288e
SIU,2026-08-31T23:55:27.224382Z,89.0,11.0,30.97,yes,072132c0-0aa9-bc97-222e-a1ce254affa7
SIU,2026-08-31T23:55:27.224382Z,87.0,13.0,9.0,yes,072132c0-0299-b912-2ed1-5afed96ae4e6
SIU,2026-08-31T23:55:51.083528Z,91.0,9.0,90.0,yes,07213ca1-efb9-9ac8-ee97-efa0f15174e1
SIU,2026-08-31T23:55:51.083528Z,90.0,10.0,922.03,yes,0721333f-f1a9-9467-e384-c5e0395cf303
SIU,2026-08-31T23:55:51.083528Z,90.0,10.0,45.0,yes,0721333f-6cf9-95e6-fa58-3e473aabd011
SIU,2026-08-31T23:55:51.083528Z,87.0,13.0,11.0,yes,0721333f-6cf9-948d-e340-89dd8cb9b03e
SIU,2026-08-31T23:55:51.083528Z,87.0,13.0,9.0,yes,0721333f-6cf9-9322-f744-98ced4cf0b52
SIU,2026-08-31T23:55:51.083528Z,88.0,12.0,50.0,yes,0721333f-6409-96ee-e09d-25cb5cc1d8cb
SIU,2026-08-31T23:55:51.083528Z,87.0,13.0,25.0,yes,0721333f-6409-95b6-f6e1-675fa87f664d
SIU,2026-08-31T23:55:51.083528Z,91.0,9.0,22.0,yes,072130f4-b649-954c-fdba-6f145a3695b0
SIU,2026-08-31T23:55:51.083528Z,90.0,10.0,61.95,yes,0721303f-77c1-90a2-ef4e-978f90156ee8
SIU,2026-08-31T23:55:51.083528Z,91.0,9.0,300.0,yes,0721303f-77c1-9039-fc2c-46760a0e5b71
SIU,2026-08-31T23:56:01.871514Z,88.0,12.0,11.0,yes,07213341-76f9-9d94-8b1d-9e019b69a09d
SIU,2026-08-31T23:56:01.871514Z,88.0,12.0,9.0,yes,07213341-76f9-96d8-b79c-d48a5e197bbf
SIU,2026-08-31T23:56:01.871514Z,88.0,12.0,50.0,yes,07213341-1f69-9324-90fe-412bedfb96f2
SIU,2026-08-31T23:56:01.871514Z,89.0,11.0,50.0,yes,07213341-1739-9a99-8864-e903e389c7da
SIU,2026-08-31T23:56:01.871514Z,89.0,11.0,50.0,yes,07213341-0fc9-9c5e-8ccf-1b668cb4cc63
SIU,2026-08-31T23:56:06.868111Z,92.0,8.0,270.0,yes,07213ca0-f519-b20f-da3c-b03da85e3700
SIU,2026-08-31T23:56:06.868111Z,91.0,9.0,35.0,yes,07213341-fd91-ba26-d2f6-bb53cee2d90a
SIU,2026-08-31T23:56:06.868111Z,91.0,9.0,11.0,yes,07213341-fd91-b084-f65f-f06c7855beb3
SIU,2026-08-31T23:56:06.868111Z,90.0,10.0,50.0,yes,07213341-c1c9-b1b6-c3ff-ade22d384f3b
SIU,2026-08-31T23:56:06.868111Z,92.0,8.0,543.0,yes,0721331f-0af9-b648-d465-1578e63695fc
SIU,2026-08-31T23:56:06.868111Z,92.0,8.0,541.0,yes,0721331f-0af9-b2fc-e194-7c913586b4e1
SIU,2026-08-31T23:56:06.868111Z,92.0,8.0,543.0,yes,0721331f-0af9-b0a3-ec82-680228239e5d
SIU,2026-08-31T23:56:06.868111Z,92.0,8.0,319.0,yes,072130f9-f311-bedd-fdad-07aeac1ce738
SIU,2026-08-31T23:56:06.868111Z,92.0,8.0,82.0,yes,072130b8-5039-b2c7-d068-c32817b96776
SIU,2026-08-31T23:56:06.868111Z,92.0,8.0,900.0,yes,0721303e-6d61-b002-f18b-f0e3ce58bd31
SIU,2026-08-31T23:56:10.386479Z,92.0,8.0,32.15,no,07213341-9781-b173-8859-1002249c123e
SIU,2026-08-31T23:56:10.386479Z,92.0,8.0,848.85,no,07213341-8fb1-b0ff-b578-c95f47992cb1
SIU,2026-08-31T23:56:15.02078Z,92.0,8.0,50.0,yes,07213342-b501-aa56-f628-42aace1b1d84
SIU,2026-08-31T23:56:15.02078Z,92.0,8.0,35.0,yes,07213342-5d91-a00e-ddf2-6dd89884f397
SIU,2026-08-31T23:56:15.02078Z,92.0,8.0,68.08,yes,07213342-4919-a5b5-f3ab-9528de436eb3
SIU,2026-08-31T23:56:15.02078Z,92.0,8.0,11.0,yes,07213342-45a1-a917-c1dd-d837033d1972
SIU,2026-08-31T23:56:15.02078Z,92.0,8.0,100.0,yes,07213342-45a1-a81f-daa1-25c9300fa338
SIU,2026-08-31T23:56:19.449539Z,92.0,8.0,35.0,yes,07213342-fff9-9c09-6607-b7b83a0b5664
SIU,2026-08-31T23:56:19.449539Z,92.0,8.0,11.0,yes,07213342-fff9-945c-6dc1-c4d584e40dd4
SIU,2026-08-31T23:56:19.449539Z,92.0,8.0,37.0,yes,07213342-ea31-9f82-71fd-f03a665fd4ec
SIU,2026-08-31T23:56:19.449539Z,92.0,8.0,13.0,yes,07213342-ea31-9248-5d87-0e5262f41d61
SIU,2026-08-31T23:56:19.449539Z,91.0,9.0,50.0,yes,07213342-1f39-9fd3-4fed-fd53942bfd3a
SIU,2026-08-31T23:56:28.255168Z,93.0,7.0,300.0,yes,f47eb9a6-f178-a1ec-f45a-68ccc0ed8f99
SIU,2026-08-31T23:56:28.255168Z,93.0,7.0,295.0,yes,07213342-9259-9b5c-c298-ce15e6b783df
SIU,2026-08-31T23:56:28.255168Z,90.0,10.0,50.0,yes,07213342-9259-94ce-ce56-302a7c77b34f
SIU,2026-08-31T23:56:28.255168Z,92.0,8.0,35.0,yes,07213342-6339-9c17-fcf5-b8f2df1cc101
SIU,2026-08-31T23:56:28.255168Z,91.0,9.0,11.0,yes,07213342-5f21-9f1d-ccd3-2a67da6dafba
SIU,2026-08-31T23:56:28.255168Z,90.0,10.0,50.0,yes,07213342-4ba9-9448-f486-2e04b22a8272
SIU,2026-08-31T23:56:28.255168Z,93.0,7.0,57.0,yes,072130f6-f091-9b57-d07d-cbe09ab2bb2e
SIU,2026-08-31T23:56:28.255168Z,93.0,7.0,332.0,yes,072130ed-d6a9-9c6e-ed2c-e13dbcf9e452
SIU,2026-08-31T23:56:31.875044Z,91.0,9.0,116.94,yes,07213343-e9d1-b28c-1f82-53961bc17529
SIU,2026-08-31T23:56:31.875044Z,91.0,9.0,50.0,yes,07213343-e5f9-b6c2-01a9-8a0addcf5064
SIU,2026-08-31T23:56:31.875044Z,91.0,9.0,35.0,yes,07213343-9181-b9a1-12d9-e9a4118b5914
SIU,2026-08-31T23:56:31.875044Z,92.0,8.0,909.44,yes,07213343-9181-b677-1d4d-51cbcdceb51c
SIU,2026-08-31T23:56:38.947886Z,93.0,7.0,183.99,yes,07213343-5441-bbc4-71f5-72d8d8a295d1
SIU,2026-08-31T23:56:38.947886Z,92.0,8.0,900.0,yes,07213343-5441-b243-5559-6ab7f5bef320
SIU,2026-08-31T23:56:38.947886Z,92.0,8.0,110.6,yes,07213343-48a9-be75-508c-209c18607527
SIU,2026-08-31T23:56:44.986605Z,94.0,6.0,9.0,yes,07213343-afe9-ad69-bb83-42b011d5d668
SIU,2026-08-31T23:56:44.986605Z,94.0,6.0,29.0,yes,07213343-3601-ac51-acca-a5fdc1eccfa0
SIU,2026-08-31T23:56:44.986605Z,94.0,6.0,96.14,yes,07213343-1741-a815-9cb1-59af756d8c43
SIU,2026-08-31T23:56:44.986605Z,94.0,6.0,285.65,yes,07213343-1359-ac83-a679-d583fde48b71
SIU,2026-08-31T23:58:44.437253Z,94.0,6.0,50.0,yes,0721334a-0831-b3f1-6552-4942a6bf48bf
SIU,2026-08-31T23:58:44.437253Z,94.0,6.0,125.0,yes,07213349-2d59-b98c-7355-e149d617b48b
SIU,2026-08-31T23:58:44.437253Z,94.0,6.0,100.0,yes,07213349-2529-b29a-7d65-7736ee44613e
SIU,2026-09-01T00:15:21.644335Z,94.0,6.0,0.31,no,0721330e-1c99-a3e5-6c5b-b5a4aa73a286
SIU,2026-09-01T01:01:41.393838Z,94.0,6.0,100.0,no,072133b7-ee19-bfdd-2106-ec0cfb2bb2ca
SIU,2026-09-01T01:04:44.728803Z,94.0,6.0,150.0,no,072133ba-c5b9-b9b5-9af1-06b1457df01a
SIU,2026-09-01T03:37:38.884442Z,95.0,5.0,1.94,yes,aeb9514d-67b3-b184-038a-d5ad3a6cb740
